--
-- PostgreSQL database dump
--

\restrict NLkuWsq2VDJpSbCSmpIpFdrGkPe6KLxDTXzAG4cVhKyVHEZIiBbmYLarg7F0sSs

-- Dumped from database version 14.20 (Debian 14.20-1.pgdg13+1)
-- Dumped by pg_dump version 14.20 (Debian 14.20-1.pgdg13+1)

SET statement_timeout = 0;
SET lock_timeout = 0;
SET idle_in_transaction_session_timeout = 0;
SET client_encoding = 'UTF8';
SET standard_conforming_strings = on;
SELECT pg_catalog.set_config('search_path', '', false);
SET check_function_bodies = false;
SET xmloption = content;
SET client_min_messages = warning;
SET row_security = off;

SET default_tablespace = '';

SET default_table_access_method = heap;

--
-- Name: auth_group; Type: TABLE; Schema: public; Owner: postgres
--

CREATE TABLE public.auth_group (
    id integer NOT NULL,
    name character varying(150) NOT NULL
);


ALTER TABLE public.auth_group OWNER TO postgres;

--
-- Name: auth_group_id_seq; Type: SEQUENCE; Schema: public; Owner: postgres
--

ALTER TABLE public.auth_group ALTER COLUMN id ADD GENERATED BY DEFAULT AS IDENTITY (
    SEQUENCE NAME public.auth_group_id_seq
    START WITH 1
    INCREMENT BY 1
    NO MINVALUE
    NO MAXVALUE
    CACHE 1
);


--
-- Name: auth_group_permissions; Type: TABLE; Schema: public; Owner: postgres
--

CREATE TABLE public.auth_group_permissions (
    id bigint NOT NULL,
    group_id integer NOT NULL,
    permission_id integer NOT NULL
);


ALTER TABLE public.auth_group_permissions OWNER TO postgres;

--
-- Name: auth_group_permissions_id_seq; Type: SEQUENCE; Schema: public; Owner: postgres
--

ALTER TABLE public.auth_group_permissions ALTER COLUMN id ADD GENERATED BY DEFAULT AS IDENTITY (
    SEQUENCE NAME public.auth_group_permissions_id_seq
    START WITH 1
    INCREMENT BY 1
    NO MINVALUE
    NO MAXVALUE
    CACHE 1
);


--
-- Name: auth_permission; Type: TABLE; Schema: public; Owner: postgres
--

CREATE TABLE public.auth_permission (
    id integer NOT NULL,
    name character varying(255) NOT NULL,
    content_type_id integer NOT NULL,
    codename character varying(100) NOT NULL
);


ALTER TABLE public.auth_permission OWNER TO postgres;

--
-- Name: auth_permission_id_seq; Type: SEQUENCE; Schema: public; Owner: postgres
--

ALTER TABLE public.auth_permission ALTER COLUMN id ADD GENERATED BY DEFAULT AS IDENTITY (
    SEQUENCE NAME public.auth_permission_id_seq
    START WITH 1
    INCREMENT BY 1
    NO MINVALUE
    NO MAXVALUE
    CACHE 1
);


--
-- Name: auth_service_appuser; Type: TABLE; Schema: public; Owner: postgres
--

CREATE TABLE public.auth_service_appuser (
    id bigint NOT NULL,
    password character varying(128) NOT NULL,
    last_login timestamp with time zone,
    is_superuser boolean NOT NULL,
    username character varying(150) NOT NULL,
    first_name character varying(150) NOT NULL,
    last_name character varying(150) NOT NULL,
    email character varying(254) NOT NULL,
    is_staff boolean NOT NULL,
    is_active boolean NOT NULL,
    date_joined timestamp with time zone NOT NULL,
    created_at timestamp with time zone NOT NULL,
    updated_at timestamp with time zone NOT NULL,
    image character varying(100),
    patronymic_name character varying(150) NOT NULL,
    gender character varying(10) NOT NULL,
    birth_date date,
    diagnosis_date date,
    phone_number character varying(15) NOT NULL,
    treatment_type_id bigint,
    diabetes_type_id bigint,
    height smallint,
    town_id bigint
);


ALTER TABLE public.auth_service_appuser OWNER TO postgres;

--
-- Name: auth_service_appuser_diseases; Type: TABLE; Schema: public; Owner: postgres
--

CREATE TABLE public.auth_service_appuser_diseases (
    id bigint NOT NULL,
    appuser_id bigint NOT NULL,
    disease_id bigint NOT NULL
);


ALTER TABLE public.auth_service_appuser_diseases OWNER TO postgres;

--
-- Name: auth_service_appuser_diseases_id_seq; Type: SEQUENCE; Schema: public; Owner: postgres
--

ALTER TABLE public.auth_service_appuser_diseases ALTER COLUMN id ADD GENERATED BY DEFAULT AS IDENTITY (
    SEQUENCE NAME public.auth_service_appuser_diseases_id_seq
    START WITH 1
    INCREMENT BY 1
    NO MINVALUE
    NO MAXVALUE
    CACHE 1
);


--
-- Name: auth_service_appuser_groups; Type: TABLE; Schema: public; Owner: postgres
--

CREATE TABLE public.auth_service_appuser_groups (
    id bigint NOT NULL,
    appuser_id bigint NOT NULL,
    group_id integer NOT NULL
);


ALTER TABLE public.auth_service_appuser_groups OWNER TO postgres;

--
-- Name: auth_service_appuser_groups_id_seq; Type: SEQUENCE; Schema: public; Owner: postgres
--

ALTER TABLE public.auth_service_appuser_groups ALTER COLUMN id ADD GENERATED BY DEFAULT AS IDENTITY (
    SEQUENCE NAME public.auth_service_appuser_groups_id_seq
    START WITH 1
    INCREMENT BY 1
    NO MINVALUE
    NO MAXVALUE
    CACHE 1
);


--
-- Name: auth_service_appuser_id_seq; Type: SEQUENCE; Schema: public; Owner: postgres
--

ALTER TABLE public.auth_service_appuser ALTER COLUMN id ADD GENERATED BY DEFAULT AS IDENTITY (
    SEQUENCE NAME public.auth_service_appuser_id_seq
    START WITH 1
    INCREMENT BY 1
    NO MINVALUE
    NO MAXVALUE
    CACHE 1
);


--
-- Name: auth_service_appuser_user_permissions; Type: TABLE; Schema: public; Owner: postgres
--

CREATE TABLE public.auth_service_appuser_user_permissions (
    id bigint NOT NULL,
    appuser_id bigint NOT NULL,
    permission_id integer NOT NULL
);


ALTER TABLE public.auth_service_appuser_user_permissions OWNER TO postgres;

--
-- Name: auth_service_appuser_user_permissions_id_seq; Type: SEQUENCE; Schema: public; Owner: postgres
--

ALTER TABLE public.auth_service_appuser_user_permissions ALTER COLUMN id ADD GENERATED BY DEFAULT AS IDENTITY (
    SEQUENCE NAME public.auth_service_appuser_user_permissions_id_seq
    START WITH 1
    INCREMENT BY 1
    NO MINVALUE
    NO MAXVALUE
    CACHE 1
);


--
-- Name: auth_service_town; Type: TABLE; Schema: public; Owner: postgres
--

CREATE TABLE public.auth_service_town (
    id bigint NOT NULL,
    created_at timestamp with time zone NOT NULL,
    updated_at timestamp with time zone NOT NULL,
    name character varying(100) NOT NULL,
    timedelta integer NOT NULL
);


ALTER TABLE public.auth_service_town OWNER TO postgres;

--
-- Name: auth_service_town_id_seq; Type: SEQUENCE; Schema: public; Owner: postgres
--

ALTER TABLE public.auth_service_town ALTER COLUMN id ADD GENERATED BY DEFAULT AS IDENTITY (
    SEQUENCE NAME public.auth_service_town_id_seq
    START WITH 1
    INCREMENT BY 1
    NO MINVALUE
    NO MAXVALUE
    CACHE 1
);


--
-- Name: cabinet_diabetestype; Type: TABLE; Schema: public; Owner: postgres
--

CREATE TABLE public.cabinet_diabetestype (
    id bigint NOT NULL,
    created_at timestamp with time zone NOT NULL,
    updated_at timestamp with time zone NOT NULL,
    name character varying(100) NOT NULL
);


ALTER TABLE public.cabinet_diabetestype OWNER TO postgres;

--
-- Name: cabinet_diabetestype_id_seq; Type: SEQUENCE; Schema: public; Owner: postgres
--

ALTER TABLE public.cabinet_diabetestype ALTER COLUMN id ADD GENERATED BY DEFAULT AS IDENTITY (
    SEQUENCE NAME public.cabinet_diabetestype_id_seq
    START WITH 1
    INCREMENT BY 1
    NO MINVALUE
    NO MAXVALUE
    CACHE 1
);


--
-- Name: cabinet_disease; Type: TABLE; Schema: public; Owner: postgres
--

CREATE TABLE public.cabinet_disease (
    id bigint NOT NULL,
    created_at timestamp with time zone NOT NULL,
    updated_at timestamp with time zone NOT NULL,
    name character varying(500) NOT NULL
);


ALTER TABLE public.cabinet_disease OWNER TO postgres;

--
-- Name: cabinet_disease_id_seq; Type: SEQUENCE; Schema: public; Owner: postgres
--

ALTER TABLE public.cabinet_disease ALTER COLUMN id ADD GENERATED BY DEFAULT AS IDENTITY (
    SEQUENCE NAME public.cabinet_disease_id_seq
    START WITH 1
    INCREMENT BY 1
    NO MINVALUE
    NO MAXVALUE
    CACHE 1
);


--
-- Name: cabinet_treatmenttype; Type: TABLE; Schema: public; Owner: postgres
--

CREATE TABLE public.cabinet_treatmenttype (
    id bigint NOT NULL,
    created_at timestamp with time zone NOT NULL,
    updated_at timestamp with time zone NOT NULL,
    name character varying(100) NOT NULL
);


ALTER TABLE public.cabinet_treatmenttype OWNER TO postgres;

--
-- Name: cabinet_treatmenttype_id_seq; Type: SEQUENCE; Schema: public; Owner: postgres
--

ALTER TABLE public.cabinet_treatmenttype ALTER COLUMN id ADD GENERATED BY DEFAULT AS IDENTITY (
    SEQUENCE NAME public.cabinet_treatmenttype_id_seq
    START WITH 1
    INCREMENT BY 1
    NO MINVALUE
    NO MAXVALUE
    CACHE 1
);


--
-- Name: data_tracking_cholesterol; Type: TABLE; Schema: public; Owner: postgres
--

CREATE TABLE public.data_tracking_cholesterol (
    id bigint NOT NULL,
    created_at timestamp with time zone NOT NULL,
    updated_at timestamp with time zone NOT NULL,
    value double precision NOT NULL,
    measured_at timestamp with time zone NOT NULL,
    user_id bigint NOT NULL
);


ALTER TABLE public.data_tracking_cholesterol OWNER TO postgres;

--
-- Name: data_tracking_cholesterol_id_seq; Type: SEQUENCE; Schema: public; Owner: postgres
--

ALTER TABLE public.data_tracking_cholesterol ALTER COLUMN id ADD GENERATED BY DEFAULT AS IDENTITY (
    SEQUENCE NAME public.data_tracking_cholesterol_id_seq
    START WITH 1
    INCREMENT BY 1
    NO MINVALUE
    NO MAXVALUE
    CACHE 1
);


--
-- Name: data_tracking_glucose; Type: TABLE; Schema: public; Owner: postgres
--

CREATE TABLE public.data_tracking_glucose (
    id bigint NOT NULL,
    created_at timestamp with time zone NOT NULL,
    updated_at timestamp with time zone NOT NULL,
    value double precision NOT NULL,
    measured_at timestamp with time zone NOT NULL,
    user_id bigint NOT NULL
);


ALTER TABLE public.data_tracking_glucose OWNER TO postgres;

--
-- Name: data_tracking_glucose_id_seq; Type: SEQUENCE; Schema: public; Owner: postgres
--

ALTER TABLE public.data_tracking_glucose ALTER COLUMN id ADD GENERATED BY DEFAULT AS IDENTITY (
    SEQUENCE NAME public.data_tracking_glucose_id_seq
    START WITH 1
    INCREMENT BY 1
    NO MINVALUE
    NO MAXVALUE
    CACHE 1
);


--
-- Name: data_tracking_hemoglobin; Type: TABLE; Schema: public; Owner: postgres
--

CREATE TABLE public.data_tracking_hemoglobin (
    id bigint NOT NULL,
    created_at timestamp with time zone NOT NULL,
    updated_at timestamp with time zone NOT NULL,
    value smallint NOT NULL,
    measured_at timestamp with time zone NOT NULL,
    user_id bigint NOT NULL,
    CONSTRAINT data_tracking_hemoglobin_value_check CHECK ((value >= 0))
);


ALTER TABLE public.data_tracking_hemoglobin OWNER TO postgres;

--
-- Name: data_tracking_hemoglobin_id_seq; Type: SEQUENCE; Schema: public; Owner: postgres
--

ALTER TABLE public.data_tracking_hemoglobin ALTER COLUMN id ADD GENERATED BY DEFAULT AS IDENTITY (
    SEQUENCE NAME public.data_tracking_hemoglobin_id_seq
    START WITH 1
    INCREMENT BY 1
    NO MINVALUE
    NO MAXVALUE
    CACHE 1
);


--
-- Name: data_tracking_ketones; Type: TABLE; Schema: public; Owner: postgres
--

CREATE TABLE public.data_tracking_ketones (
    id bigint NOT NULL,
    created_at timestamp with time zone NOT NULL,
    updated_at timestamp with time zone NOT NULL,
    value double precision NOT NULL,
    measured_at timestamp with time zone NOT NULL,
    user_id bigint NOT NULL
);


ALTER TABLE public.data_tracking_ketones OWNER TO postgres;

--
-- Name: data_tracking_ketones_id_seq; Type: SEQUENCE; Schema: public; Owner: postgres
--

ALTER TABLE public.data_tracking_ketones ALTER COLUMN id ADD GENERATED BY DEFAULT AS IDENTITY (
    SEQUENCE NAME public.data_tracking_ketones_id_seq
    START WITH 1
    INCREMENT BY 1
    NO MINVALUE
    NO MAXVALUE
    CACHE 1
);


--
-- Name: data_tracking_lipidprofile; Type: TABLE; Schema: public; Owner: postgres
--

CREATE TABLE public.data_tracking_lipidprofile (
    id bigint NOT NULL,
    created_at timestamp with time zone NOT NULL,
    updated_at timestamp with time zone NOT NULL,
    value double precision NOT NULL,
    measured_at timestamp with time zone NOT NULL,
    user_id bigint NOT NULL
);


ALTER TABLE public.data_tracking_lipidprofile OWNER TO postgres;

--
-- Name: data_tracking_lipidprofile_id_seq; Type: SEQUENCE; Schema: public; Owner: postgres
--

ALTER TABLE public.data_tracking_lipidprofile ALTER COLUMN id ADD GENERATED BY DEFAULT AS IDENTITY (
    SEQUENCE NAME public.data_tracking_lipidprofile_id_seq
    START WITH 1
    INCREMENT BY 1
    NO MINVALUE
    NO MAXVALUE
    CACHE 1
);


--
-- Name: data_tracking_meal; Type: TABLE; Schema: public; Owner: postgres
--

CREATE TABLE public.data_tracking_meal (
    id bigint NOT NULL,
    created_at timestamp with time zone NOT NULL,
    updated_at timestamp with time zone NOT NULL,
    calories smallint NOT NULL,
    proteins smallint NOT NULL,
    carbs smallint NOT NULL,
    fats smallint NOT NULL,
    eaten_at timestamp with time zone NOT NULL,
    user_id bigint NOT NULL,
    CONSTRAINT data_tracking_meal_calories_check CHECK ((calories >= 0)),
    CONSTRAINT data_tracking_meal_carbs_check CHECK ((carbs >= 0)),
    CONSTRAINT data_tracking_meal_fats_check CHECK ((fats >= 0)),
    CONSTRAINT data_tracking_meal_proteins_check CHECK ((proteins >= 0))
);


ALTER TABLE public.data_tracking_meal OWNER TO postgres;

--
-- Name: data_tracking_meal_id_seq; Type: SEQUENCE; Schema: public; Owner: postgres
--

ALTER TABLE public.data_tracking_meal ALTER COLUMN id ADD GENERATED BY DEFAULT AS IDENTITY (
    SEQUENCE NAME public.data_tracking_meal_id_seq
    START WITH 1
    INCREMENT BY 1
    NO MINVALUE
    NO MAXVALUE
    CACHE 1
);


--
-- Name: data_tracking_microalbuminuria; Type: TABLE; Schema: public; Owner: postgres
--

CREATE TABLE public.data_tracking_microalbuminuria (
    id bigint NOT NULL,
    created_at timestamp with time zone NOT NULL,
    updated_at timestamp with time zone NOT NULL,
    value double precision NOT NULL,
    measured_at timestamp with time zone NOT NULL,
    user_id bigint NOT NULL
);


ALTER TABLE public.data_tracking_microalbuminuria OWNER TO postgres;

--
-- Name: data_tracking_microalbuminuria_id_seq; Type: SEQUENCE; Schema: public; Owner: postgres
--

ALTER TABLE public.data_tracking_microalbuminuria ALTER COLUMN id ADD GENERATED BY DEFAULT AS IDENTITY (
    SEQUENCE NAME public.data_tracking_microalbuminuria_id_seq
    START WITH 1
    INCREMENT BY 1
    NO MINVALUE
    NO MAXVALUE
    CACHE 1
);


--
-- Name: data_tracking_mood; Type: TABLE; Schema: public; Owner: postgres
--

CREATE TABLE public.data_tracking_mood (
    id bigint NOT NULL,
    created_at timestamp with time zone NOT NULL,
    updated_at timestamp with time zone NOT NULL,
    name character varying(1000) NOT NULL,
    text_color character varying(20) NOT NULL,
    background_color character varying(20) NOT NULL
);


ALTER TABLE public.data_tracking_mood OWNER TO postgres;

--
-- Name: data_tracking_mood_id_seq; Type: SEQUENCE; Schema: public; Owner: postgres
--

ALTER TABLE public.data_tracking_mood ALTER COLUMN id ADD GENERATED BY DEFAULT AS IDENTITY (
    SEQUENCE NAME public.data_tracking_mood_id_seq
    START WITH 1
    INCREMENT BY 1
    NO MINVALUE
    NO MAXVALUE
    CACHE 1
);


--
-- Name: data_tracking_moodappuser; Type: TABLE; Schema: public; Owner: postgres
--

CREATE TABLE public.data_tracking_moodappuser (
    id bigint NOT NULL,
    created_at timestamp with time zone NOT NULL,
    updated_at timestamp with time zone NOT NULL,
    measured_at timestamp with time zone NOT NULL,
    mood_id bigint NOT NULL,
    user_id bigint NOT NULL
);


ALTER TABLE public.data_tracking_moodappuser OWNER TO postgres;

--
-- Name: data_tracking_moodappuser_id_seq; Type: SEQUENCE; Schema: public; Owner: postgres
--

ALTER TABLE public.data_tracking_moodappuser ALTER COLUMN id ADD GENERATED BY DEFAULT AS IDENTITY (
    SEQUENCE NAME public.data_tracking_moodappuser_id_seq
    START WITH 1
    INCREMENT BY 1
    NO MINVALUE
    NO MAXVALUE
    CACHE 1
);


--
-- Name: data_tracking_note; Type: TABLE; Schema: public; Owner: postgres
--

CREATE TABLE public.data_tracking_note (
    id bigint NOT NULL,
    created_at timestamp with time zone NOT NULL,
    updated_at timestamp with time zone NOT NULL,
    description character varying(1000) NOT NULL,
    measured_at timestamp with time zone NOT NULL,
    user_id bigint NOT NULL
);


ALTER TABLE public.data_tracking_note OWNER TO postgres;

--
-- Name: data_tracking_note_id_seq; Type: SEQUENCE; Schema: public; Owner: postgres
--

ALTER TABLE public.data_tracking_note ALTER COLUMN id ADD GENERATED BY DEFAULT AS IDENTITY (
    SEQUENCE NAME public.data_tracking_note_id_seq
    START WITH 1
    INCREMENT BY 1
    NO MINVALUE
    NO MAXVALUE
    CACHE 1
);


--
-- Name: data_tracking_physicalactivity; Type: TABLE; Schema: public; Owner: postgres
--

CREATE TABLE public.data_tracking_physicalactivity (
    id bigint NOT NULL,
    created_at timestamp with time zone NOT NULL,
    updated_at timestamp with time zone NOT NULL,
    description character varying(1000) NOT NULL,
    measured_at timestamp with time zone NOT NULL,
    user_id bigint NOT NULL
);


ALTER TABLE public.data_tracking_physicalactivity OWNER TO postgres;

--
-- Name: data_tracking_physicalactivity_id_seq; Type: SEQUENCE; Schema: public; Owner: postgres
--

ALTER TABLE public.data_tracking_physicalactivity ALTER COLUMN id ADD GENERATED BY DEFAULT AS IDENTITY (
    SEQUENCE NAME public.data_tracking_physicalactivity_id_seq
    START WITH 1
    INCREMENT BY 1
    NO MINVALUE
    NO MAXVALUE
    CACHE 1
);


--
-- Name: data_tracking_temperature; Type: TABLE; Schema: public; Owner: postgres
--

CREATE TABLE public.data_tracking_temperature (
    id bigint NOT NULL,
    created_at timestamp with time zone NOT NULL,
    updated_at timestamp with time zone NOT NULL,
    value double precision NOT NULL,
    measured_at timestamp with time zone NOT NULL,
    user_id bigint NOT NULL
);


ALTER TABLE public.data_tracking_temperature OWNER TO postgres;

--
-- Name: data_tracking_temperature_id_seq; Type: SEQUENCE; Schema: public; Owner: postgres
--

ALTER TABLE public.data_tracking_temperature ALTER COLUMN id ADD GENERATED BY DEFAULT AS IDENTITY (
    SEQUENCE NAME public.data_tracking_temperature_id_seq
    START WITH 1
    INCREMENT BY 1
    NO MINVALUE
    NO MAXVALUE
    CACHE 1
);


--
-- Name: data_tracking_weight; Type: TABLE; Schema: public; Owner: postgres
--

CREATE TABLE public.data_tracking_weight (
    id bigint NOT NULL,
    created_at timestamp with time zone NOT NULL,
    updated_at timestamp with time zone NOT NULL,
    value smallint NOT NULL,
    measured_at timestamp with time zone NOT NULL,
    user_id bigint NOT NULL,
    CONSTRAINT data_tracking_weight_value_check CHECK ((value >= 0))
);


ALTER TABLE public.data_tracking_weight OWNER TO postgres;

--
-- Name: data_tracking_weight_id_seq; Type: SEQUENCE; Schema: public; Owner: postgres
--

ALTER TABLE public.data_tracking_weight ALTER COLUMN id ADD GENERATED BY DEFAULT AS IDENTITY (
    SEQUENCE NAME public.data_tracking_weight_id_seq
    START WITH 1
    INCREMENT BY 1
    NO MINVALUE
    NO MAXVALUE
    CACHE 1
);


--
-- Name: django_admin_log; Type: TABLE; Schema: public; Owner: postgres
--

CREATE TABLE public.django_admin_log (
    id integer NOT NULL,
    action_time timestamp with time zone NOT NULL,
    object_id text,
    object_repr character varying(200) NOT NULL,
    action_flag smallint NOT NULL,
    change_message text NOT NULL,
    content_type_id integer,
    user_id bigint NOT NULL,
    CONSTRAINT django_admin_log_action_flag_check CHECK ((action_flag >= 0))
);


ALTER TABLE public.django_admin_log OWNER TO postgres;

--
-- Name: django_admin_log_id_seq; Type: SEQUENCE; Schema: public; Owner: postgres
--

ALTER TABLE public.django_admin_log ALTER COLUMN id ADD GENERATED BY DEFAULT AS IDENTITY (
    SEQUENCE NAME public.django_admin_log_id_seq
    START WITH 1
    INCREMENT BY 1
    NO MINVALUE
    NO MAXVALUE
    CACHE 1
);


--
-- Name: django_celery_beat_clockedschedule; Type: TABLE; Schema: public; Owner: postgres
--

CREATE TABLE public.django_celery_beat_clockedschedule (
    id integer NOT NULL,
    clocked_time timestamp with time zone NOT NULL
);


ALTER TABLE public.django_celery_beat_clockedschedule OWNER TO postgres;

--
-- Name: django_celery_beat_clockedschedule_id_seq; Type: SEQUENCE; Schema: public; Owner: postgres
--

ALTER TABLE public.django_celery_beat_clockedschedule ALTER COLUMN id ADD GENERATED BY DEFAULT AS IDENTITY (
    SEQUENCE NAME public.django_celery_beat_clockedschedule_id_seq
    START WITH 1
    INCREMENT BY 1
    NO MINVALUE
    NO MAXVALUE
    CACHE 1
);


--
-- Name: django_celery_beat_crontabschedule; Type: TABLE; Schema: public; Owner: postgres
--

CREATE TABLE public.django_celery_beat_crontabschedule (
    id integer NOT NULL,
    minute character varying(240) NOT NULL,
    hour character varying(96) NOT NULL,
    day_of_week character varying(64) NOT NULL,
    day_of_month character varying(124) NOT NULL,
    month_of_year character varying(64) NOT NULL,
    timezone character varying(63) NOT NULL
);


ALTER TABLE public.django_celery_beat_crontabschedule OWNER TO postgres;

--
-- Name: django_celery_beat_crontabschedule_id_seq; Type: SEQUENCE; Schema: public; Owner: postgres
--

ALTER TABLE public.django_celery_beat_crontabschedule ALTER COLUMN id ADD GENERATED BY DEFAULT AS IDENTITY (
    SEQUENCE NAME public.django_celery_beat_crontabschedule_id_seq
    START WITH 1
    INCREMENT BY 1
    NO MINVALUE
    NO MAXVALUE
    CACHE 1
);


--
-- Name: django_celery_beat_intervalschedule; Type: TABLE; Schema: public; Owner: postgres
--

CREATE TABLE public.django_celery_beat_intervalschedule (
    id integer NOT NULL,
    every integer NOT NULL,
    period character varying(24) NOT NULL
);


ALTER TABLE public.django_celery_beat_intervalschedule OWNER TO postgres;

--
-- Name: django_celery_beat_intervalschedule_id_seq; Type: SEQUENCE; Schema: public; Owner: postgres
--

ALTER TABLE public.django_celery_beat_intervalschedule ALTER COLUMN id ADD GENERATED BY DEFAULT AS IDENTITY (
    SEQUENCE NAME public.django_celery_beat_intervalschedule_id_seq
    START WITH 1
    INCREMENT BY 1
    NO MINVALUE
    NO MAXVALUE
    CACHE 1
);


--
-- Name: django_celery_beat_periodictask; Type: TABLE; Schema: public; Owner: postgres
--

CREATE TABLE public.django_celery_beat_periodictask (
    id integer NOT NULL,
    name character varying(200) NOT NULL,
    task character varying(200) NOT NULL,
    args text NOT NULL,
    kwargs text NOT NULL,
    queue character varying(200),
    exchange character varying(200),
    routing_key character varying(200),
    expires timestamp with time zone,
    enabled boolean NOT NULL,
    last_run_at timestamp with time zone,
    total_run_count integer NOT NULL,
    date_changed timestamp with time zone NOT NULL,
    description text NOT NULL,
    crontab_id integer,
    interval_id integer,
    solar_id integer,
    one_off boolean NOT NULL,
    start_time timestamp with time zone,
    priority integer,
    headers text NOT NULL,
    clocked_id integer,
    expire_seconds integer,
    CONSTRAINT django_celery_beat_periodictask_expire_seconds_check CHECK ((expire_seconds >= 0)),
    CONSTRAINT django_celery_beat_periodictask_priority_check CHECK ((priority >= 0)),
    CONSTRAINT django_celery_beat_periodictask_total_run_count_check CHECK ((total_run_count >= 0))
);


ALTER TABLE public.django_celery_beat_periodictask OWNER TO postgres;

--
-- Name: django_celery_beat_periodictask_id_seq; Type: SEQUENCE; Schema: public; Owner: postgres
--

ALTER TABLE public.django_celery_beat_periodictask ALTER COLUMN id ADD GENERATED BY DEFAULT AS IDENTITY (
    SEQUENCE NAME public.django_celery_beat_periodictask_id_seq
    START WITH 1
    INCREMENT BY 1
    NO MINVALUE
    NO MAXVALUE
    CACHE 1
);


--
-- Name: django_celery_beat_periodictasks; Type: TABLE; Schema: public; Owner: postgres
--

CREATE TABLE public.django_celery_beat_periodictasks (
    ident smallint NOT NULL,
    last_update timestamp with time zone NOT NULL
);


ALTER TABLE public.django_celery_beat_periodictasks OWNER TO postgres;

--
-- Name: django_celery_beat_solarschedule; Type: TABLE; Schema: public; Owner: postgres
--

CREATE TABLE public.django_celery_beat_solarschedule (
    id integer NOT NULL,
    event character varying(24) NOT NULL,
    latitude numeric(9,6) NOT NULL,
    longitude numeric(9,6) NOT NULL
);


ALTER TABLE public.django_celery_beat_solarschedule OWNER TO postgres;

--
-- Name: django_celery_beat_solarschedule_id_seq; Type: SEQUENCE; Schema: public; Owner: postgres
--

ALTER TABLE public.django_celery_beat_solarschedule ALTER COLUMN id ADD GENERATED BY DEFAULT AS IDENTITY (
    SEQUENCE NAME public.django_celery_beat_solarschedule_id_seq
    START WITH 1
    INCREMENT BY 1
    NO MINVALUE
    NO MAXVALUE
    CACHE 1
);


--
-- Name: django_content_type; Type: TABLE; Schema: public; Owner: postgres
--

CREATE TABLE public.django_content_type (
    id integer NOT NULL,
    app_label character varying(100) NOT NULL,
    model character varying(100) NOT NULL
);


ALTER TABLE public.django_content_type OWNER TO postgres;

--
-- Name: django_content_type_id_seq; Type: SEQUENCE; Schema: public; Owner: postgres
--

ALTER TABLE public.django_content_type ALTER COLUMN id ADD GENERATED BY DEFAULT AS IDENTITY (
    SEQUENCE NAME public.django_content_type_id_seq
    START WITH 1
    INCREMENT BY 1
    NO MINVALUE
    NO MAXVALUE
    CACHE 1
);


--
-- Name: django_migrations; Type: TABLE; Schema: public; Owner: postgres
--

CREATE TABLE public.django_migrations (
    id bigint NOT NULL,
    app character varying(255) NOT NULL,
    name character varying(255) NOT NULL,
    applied timestamp with time zone NOT NULL
);


ALTER TABLE public.django_migrations OWNER TO postgres;

--
-- Name: django_migrations_id_seq; Type: SEQUENCE; Schema: public; Owner: postgres
--

ALTER TABLE public.django_migrations ALTER COLUMN id ADD GENERATED BY DEFAULT AS IDENTITY (
    SEQUENCE NAME public.django_migrations_id_seq
    START WITH 1
    INCREMENT BY 1
    NO MINVALUE
    NO MAXVALUE
    CACHE 1
);


--
-- Name: django_session; Type: TABLE; Schema: public; Owner: postgres
--

CREATE TABLE public.django_session (
    session_key character varying(40) NOT NULL,
    session_data text NOT NULL,
    expire_date timestamp with time zone NOT NULL
);


ALTER TABLE public.django_session OWNER TO postgres;

--
-- Name: django_site; Type: TABLE; Schema: public; Owner: postgres
--

CREATE TABLE public.django_site (
    id integer NOT NULL,
    domain character varying(100) NOT NULL,
    name character varying(50) NOT NULL
);


ALTER TABLE public.django_site OWNER TO postgres;

--
-- Name: django_site_id_seq; Type: SEQUENCE; Schema: public; Owner: postgres
--

ALTER TABLE public.django_site ALTER COLUMN id ADD GENERATED BY DEFAULT AS IDENTITY (
    SEQUENCE NAME public.django_site_id_seq
    START WITH 1
    INCREMENT BY 1
    NO MINVALUE
    NO MAXVALUE
    CACHE 1
);


--
-- Name: token_blacklist_blacklistedtoken; Type: TABLE; Schema: public; Owner: postgres
--

CREATE TABLE public.token_blacklist_blacklistedtoken (
    id bigint NOT NULL,
    blacklisted_at timestamp with time zone NOT NULL,
    token_id bigint NOT NULL
);


ALTER TABLE public.token_blacklist_blacklistedtoken OWNER TO postgres;

--
-- Name: token_blacklist_blacklistedtoken_id_seq; Type: SEQUENCE; Schema: public; Owner: postgres
--

ALTER TABLE public.token_blacklist_blacklistedtoken ALTER COLUMN id ADD GENERATED BY DEFAULT AS IDENTITY (
    SEQUENCE NAME public.token_blacklist_blacklistedtoken_id_seq
    START WITH 1
    INCREMENT BY 1
    NO MINVALUE
    NO MAXVALUE
    CACHE 1
);


--
-- Name: token_blacklist_outstandingtoken; Type: TABLE; Schema: public; Owner: postgres
--

CREATE TABLE public.token_blacklist_outstandingtoken (
    id bigint NOT NULL,
    token text NOT NULL,
    created_at timestamp with time zone,
    expires_at timestamp with time zone NOT NULL,
    user_id bigint,
    jti character varying(255) NOT NULL
);


ALTER TABLE public.token_blacklist_outstandingtoken OWNER TO postgres;

--
-- Name: token_blacklist_outstandingtoken_id_seq; Type: SEQUENCE; Schema: public; Owner: postgres
--

ALTER TABLE public.token_blacklist_outstandingtoken ALTER COLUMN id ADD GENERATED BY DEFAULT AS IDENTITY (
    SEQUENCE NAME public.token_blacklist_outstandingtoken_id_seq
    START WITH 1
    INCREMENT BY 1
    NO MINVALUE
    NO MAXVALUE
    CACHE 1
);


--
-- Data for Name: auth_group; Type: TABLE DATA; Schema: public; Owner: postgres
--

COPY public.auth_group (id, name) FROM stdin;
\.


--
-- Data for Name: auth_group_permissions; Type: TABLE DATA; Schema: public; Owner: postgres
--

COPY public.auth_group_permissions (id, group_id, permission_id) FROM stdin;
\.


--
-- Data for Name: auth_permission; Type: TABLE DATA; Schema: public; Owner: postgres
--

COPY public.auth_permission (id, name, content_type_id, codename) FROM stdin;
1	Can add site	1	add_site
2	Can change site	1	change_site
3	Can delete site	1	delete_site
4	Can view site	1	view_site
5	Can add Заболевание	2	add_disease
6	Can change Заболевание	2	change_disease
7	Can delete Заболевание	2	delete_disease
8	Can view Заболевание	2	view_disease
9	Can add Аллергия	3	add_allergy
10	Can change Аллергия	3	change_allergy
11	Can delete Аллергия	3	delete_allergy
12	Can view Аллергия	3	view_allergy
13	Can add Преимущество	4	add_advantage
14	Can change Преимущество	4	change_advantage
15	Can delete Преимущество	4	delete_advantage
16	Can view Преимущество	4	view_advantage
17	Can add Отзыв	5	add_rate
18	Can change Отзыв	5	change_rate
19	Can delete Отзыв	5	delete_rate
20	Can view Отзыв	5	view_rate
21	Can add Тип лечения	6	add_treatmenttype
22	Can change Тип лечения	6	change_treatmenttype
23	Can delete Тип лечения	6	delete_treatmenttype
24	Can view Тип лечения	6	view_treatmenttype
25	Can add Тип диабета	7	add_diabetestype
26	Can change Тип диабета	7	change_diabetestype
27	Can delete Тип диабета	7	delete_diabetestype
28	Can view Тип диабета	7	view_diabetestype
29	Can add log entry	8	add_logentry
30	Can change log entry	8	change_logentry
31	Can delete log entry	8	delete_logentry
32	Can view log entry	8	view_logentry
33	Can add permission	9	add_permission
34	Can change permission	9	change_permission
35	Can delete permission	9	delete_permission
36	Can view permission	9	view_permission
37	Can add group	10	add_group
38	Can change group	10	change_group
39	Can delete group	10	delete_group
40	Can view group	10	view_group
41	Can add content type	11	add_contenttype
42	Can change content type	11	change_contenttype
43	Can delete content type	11	delete_contenttype
44	Can view content type	11	view_contenttype
45	Can add session	12	add_session
46	Can change session	12	change_session
47	Can delete session	12	delete_session
48	Can view session	12	view_session
49	Can add blacklisted token	13	add_blacklistedtoken
50	Can change blacklisted token	13	change_blacklistedtoken
51	Can delete blacklisted token	13	delete_blacklistedtoken
52	Can view blacklisted token	13	view_blacklistedtoken
53	Can add outstanding token	14	add_outstandingtoken
54	Can change outstanding token	14	change_outstandingtoken
55	Can delete outstanding token	14	delete_outstandingtoken
56	Can view outstanding token	14	view_outstandingtoken
57	Can add crontab	15	add_crontabschedule
58	Can change crontab	15	change_crontabschedule
59	Can delete crontab	15	delete_crontabschedule
60	Can view crontab	15	view_crontabschedule
61	Can add interval	16	add_intervalschedule
62	Can change interval	16	change_intervalschedule
63	Can delete interval	16	delete_intervalschedule
64	Can view interval	16	view_intervalschedule
65	Can add periodic task	17	add_periodictask
66	Can change periodic task	17	change_periodictask
67	Can delete periodic task	17	delete_periodictask
68	Can view periodic task	17	view_periodictask
69	Can add periodic task track	18	add_periodictasks
70	Can change periodic task track	18	change_periodictasks
71	Can delete periodic task track	18	delete_periodictasks
72	Can view periodic task track	18	view_periodictasks
73	Can add solar event	19	add_solarschedule
74	Can change solar event	19	change_solarschedule
75	Can delete solar event	19	delete_solarschedule
76	Can view solar event	19	view_solarschedule
77	Can add clocked	20	add_clockedschedule
78	Can change clocked	20	change_clockedschedule
79	Can delete clocked	20	delete_clockedschedule
80	Can view clocked	20	view_clockedschedule
81	Can add Пользователь	21	add_appuser
82	Can change Пользователь	21	change_appuser
83	Can delete Пользователь	21	delete_appuser
84	Can view Пользователь	21	view_appuser
85	Can add Дневной замер состояния	22	add_dailylog
86	Can change Дневной замер состояния	22	change_dailylog
87	Can delete Дневной замер состояния	22	delete_dailylog
88	Can view Дневной замер состояния	22	view_dailylog
89	Can add Замер уровня глюкозы	23	add_glucose
90	Can change Замер уровня глюкозы	23	change_glucose
91	Can delete Замер уровня глюкозы	23	delete_glucose
92	Can view Замер уровня глюкозы	23	view_glucose
93	Can add Замер давления	24	add_pressure
94	Can change Замер давления	24	change_pressure
95	Can delete Замер давления	24	delete_pressure
96	Can view Замер давления	24	view_pressure
97	Can add Температура тела	25	add_bodytemperature
98	Can change Температура тела	25	change_bodytemperature
99	Can delete Температура тела	25	delete_bodytemperature
100	Can view Температура тела	25	view_bodytemperature
101	Can add Месячный замер состояния	26	add_monthlylog
102	Can change Месячный замер состояния	26	change_monthlylog
103	Can delete Месячный замер состояния	26	delete_monthlylog
104	Can view Месячный замер состояния	26	view_monthlylog
105	Can add Еженедельный отчет	27	add_weeklylog
106	Can change Еженедельный отчет	27	change_weeklylog
107	Can delete Еженедельный отчет	27	delete_weeklylog
108	Can view Еженедельный отчет	27	view_weeklylog
109	Can add Настроение	28	add_mood
110	Can change Настроение	28	change_mood
111	Can delete Настроение	28	delete_mood
112	Can view Настроение	28	view_mood
113	Can add Город	29	add_town
114	Can change Город	29	change_town
115	Can delete Город	29	delete_town
116	Can view Город	29	view_town
117	Can add Значение холестерина	30	add_cholesterol
118	Can change Значение холестерина	30	change_cholesterol
119	Can delete Значение холестерина	30	delete_cholesterol
120	Can view Значение холестерина	30	view_cholesterol
121	Can add Значение гемоглобина	31	add_hemoglobin
122	Can change Значение гемоглобина	31	change_hemoglobin
123	Can delete Значение гемоглобина	31	delete_hemoglobin
124	Can view Значение гемоглобина	31	view_hemoglobin
125	Can add Значение кетонов	32	add_ketones
126	Can change Значение кетонов	32	change_ketones
127	Can delete Значение кетонов	32	delete_ketones
128	Can view Значение кетонов	32	view_ketones
129	Can add Значение липидного профиля	33	add_lipidprofile
130	Can change Значение липидного профиля	33	change_lipidprofile
131	Can delete Значение липидного профиля	33	delete_lipidprofile
132	Can view Значение липидного профиля	33	view_lipidprofile
133	Can add Значение ЛБЖУ за прием пищи	34	add_meal
134	Can change Значение ЛБЖУ за прием пищи	34	change_meal
135	Can delete Значение ЛБЖУ за прием пищи	34	delete_meal
136	Can view Значение ЛБЖУ за прием пищи	34	view_meal
137	Can add Значение микроальбуминурии	35	add_microalbuminuria
138	Can change Значение микроальбуминурии	35	change_microalbuminuria
139	Can delete Значение микроальбуминурии	35	delete_microalbuminuria
140	Can view Значение микроальбуминурии	35	view_microalbuminuria
141	Can add Заметка	36	add_note
142	Can change Заметка	36	change_note
143	Can delete Заметка	36	delete_note
144	Can view Заметка	36	view_note
145	Can add Запись о физической активности	37	add_physicalactivity
146	Can change Запись о физической активности	37	change_physicalactivity
147	Can delete Запись о физической активности	37	delete_physicalactivity
148	Can view Запись о физической активности	37	view_physicalactivity
149	Can add Значение температуры	38	add_temperature
150	Can change Значение температуры	38	change_temperature
151	Can delete Значение температуры	38	delete_temperature
152	Can view Значение температуры	38	view_temperature
153	Can add Значение веса	39	add_weight
154	Can change Значение веса	39	change_weight
155	Can delete Значение веса	39	delete_weight
156	Can view Значение веса	39	view_weight
157	Can add Связка пользователя и настроения	40	add_moodappuser
158	Can change Связка пользователя и настроения	40	change_moodappuser
159	Can delete Связка пользователя и настроения	40	delete_moodappuser
160	Can view Связка пользователя и настроения	40	view_moodappuser
\.


--
-- Data for Name: auth_service_appuser; Type: TABLE DATA; Schema: public; Owner: postgres
--

COPY public.auth_service_appuser (id, password, last_login, is_superuser, username, first_name, last_name, email, is_staff, is_active, date_joined, created_at, updated_at, image, patronymic_name, gender, birth_date, diagnosis_date, phone_number, treatment_type_id, diabetes_type_id, height, town_id) FROM stdin;
1	pbkdf2_sha256$1000000$N06W3yHzn0lgqLyDuIRVUh$HFZ1THC1GILLTyKL/ftlrkownZD8lfW4/773HMLZdSI=	\N	f	admin	Админ	Админов	admin@admin.com	f	t	2026-03-04 16:42:24.452393+00	2026-03-04 16:42:36.23553+00	2026-03-04 16:42:36.235537+00	images/stub.png	Админович	male	\N	\N	7918123456	\N	\N	300	\N
2	pbkdf2_sha256$1000000$vNSViYoYMluScfdIIVPhug$ayEeKC5DaOU2V2yYL+DyQKQ7jUfYuxZfOipHyT3P2w0=	2026-03-04 16:50:40.899591+00	t	sysadmin				t	t	2026-03-04 16:50:36.228975+00	2026-03-04 16:50:36.391623+00	2026-03-04 16:50:36.391629+00	images/stub.png		undefined	\N	\N		\N	\N	\N	\N
\.


--
-- Data for Name: auth_service_appuser_diseases; Type: TABLE DATA; Schema: public; Owner: postgres
--

COPY public.auth_service_appuser_diseases (id, appuser_id, disease_id) FROM stdin;
\.


--
-- Data for Name: auth_service_appuser_groups; Type: TABLE DATA; Schema: public; Owner: postgres
--

COPY public.auth_service_appuser_groups (id, appuser_id, group_id) FROM stdin;
\.


--
-- Data for Name: auth_service_appuser_user_permissions; Type: TABLE DATA; Schema: public; Owner: postgres
--

COPY public.auth_service_appuser_user_permissions (id, appuser_id, permission_id) FROM stdin;
\.


--
-- Data for Name: auth_service_town; Type: TABLE DATA; Schema: public; Owner: postgres
--

COPY public.auth_service_town (id, created_at, updated_at, name, timedelta) FROM stdin;
\.


--
-- Data for Name: cabinet_diabetestype; Type: TABLE DATA; Schema: public; Owner: postgres
--

COPY public.cabinet_diabetestype (id, created_at, updated_at, name) FROM stdin;
\.


--
-- Data for Name: cabinet_disease; Type: TABLE DATA; Schema: public; Owner: postgres
--

COPY public.cabinet_disease (id, created_at, updated_at, name) FROM stdin;
\.


--
-- Data for Name: cabinet_treatmenttype; Type: TABLE DATA; Schema: public; Owner: postgres
--

COPY public.cabinet_treatmenttype (id, created_at, updated_at, name) FROM stdin;
\.


--
-- Data for Name: data_tracking_cholesterol; Type: TABLE DATA; Schema: public; Owner: postgres
--

COPY public.data_tracking_cholesterol (id, created_at, updated_at, value, measured_at, user_id) FROM stdin;
\.


--
-- Data for Name: data_tracking_glucose; Type: TABLE DATA; Schema: public; Owner: postgres
--

COPY public.data_tracking_glucose (id, created_at, updated_at, value, measured_at, user_id) FROM stdin;
\.


--
-- Data for Name: data_tracking_hemoglobin; Type: TABLE DATA; Schema: public; Owner: postgres
--

COPY public.data_tracking_hemoglobin (id, created_at, updated_at, value, measured_at, user_id) FROM stdin;
\.


--
-- Data for Name: data_tracking_ketones; Type: TABLE DATA; Schema: public; Owner: postgres
--

COPY public.data_tracking_ketones (id, created_at, updated_at, value, measured_at, user_id) FROM stdin;
\.


--
-- Data for Name: data_tracking_lipidprofile; Type: TABLE DATA; Schema: public; Owner: postgres
--

COPY public.data_tracking_lipidprofile (id, created_at, updated_at, value, measured_at, user_id) FROM stdin;
\.


--
-- Data for Name: data_tracking_meal; Type: TABLE DATA; Schema: public; Owner: postgres
--

COPY public.data_tracking_meal (id, created_at, updated_at, calories, proteins, carbs, fats, eaten_at, user_id) FROM stdin;
\.


--
-- Data for Name: data_tracking_microalbuminuria; Type: TABLE DATA; Schema: public; Owner: postgres
--

COPY public.data_tracking_microalbuminuria (id, created_at, updated_at, value, measured_at, user_id) FROM stdin;
\.


--
-- Data for Name: data_tracking_mood; Type: TABLE DATA; Schema: public; Owner: postgres
--

COPY public.data_tracking_mood (id, created_at, updated_at, name, text_color, background_color) FROM stdin;
\.


--
-- Data for Name: data_tracking_moodappuser; Type: TABLE DATA; Schema: public; Owner: postgres
--

COPY public.data_tracking_moodappuser (id, created_at, updated_at, measured_at, mood_id, user_id) FROM stdin;
\.


--
-- Data for Name: data_tracking_note; Type: TABLE DATA; Schema: public; Owner: postgres
--

COPY public.data_tracking_note (id, created_at, updated_at, description, measured_at, user_id) FROM stdin;
\.


--
-- Data for Name: data_tracking_physicalactivity; Type: TABLE DATA; Schema: public; Owner: postgres
--

COPY public.data_tracking_physicalactivity (id, created_at, updated_at, description, measured_at, user_id) FROM stdin;
\.


--
-- Data for Name: data_tracking_temperature; Type: TABLE DATA; Schema: public; Owner: postgres
--

COPY public.data_tracking_temperature (id, created_at, updated_at, value, measured_at, user_id) FROM stdin;
\.


--
-- Data for Name: data_tracking_weight; Type: TABLE DATA; Schema: public; Owner: postgres
--

COPY public.data_tracking_weight (id, created_at, updated_at, value, measured_at, user_id) FROM stdin;
\.


--
-- Data for Name: django_admin_log; Type: TABLE DATA; Schema: public; Owner: postgres
--

COPY public.django_admin_log (id, action_time, object_id, object_repr, action_flag, change_message, content_type_id, user_id) FROM stdin;
\.


--
-- Data for Name: django_celery_beat_clockedschedule; Type: TABLE DATA; Schema: public; Owner: postgres
--

COPY public.django_celery_beat_clockedschedule (id, clocked_time) FROM stdin;
\.


--
-- Data for Name: django_celery_beat_crontabschedule; Type: TABLE DATA; Schema: public; Owner: postgres
--

COPY public.django_celery_beat_crontabschedule (id, minute, hour, day_of_week, day_of_month, month_of_year, timezone) FROM stdin;
\.


--
-- Data for Name: django_celery_beat_intervalschedule; Type: TABLE DATA; Schema: public; Owner: postgres
--

COPY public.django_celery_beat_intervalschedule (id, every, period) FROM stdin;
\.


--
-- Data for Name: django_celery_beat_periodictask; Type: TABLE DATA; Schema: public; Owner: postgres
--

COPY public.django_celery_beat_periodictask (id, name, task, args, kwargs, queue, exchange, routing_key, expires, enabled, last_run_at, total_run_count, date_changed, description, crontab_id, interval_id, solar_id, one_off, start_time, priority, headers, clocked_id, expire_seconds) FROM stdin;
\.


--
-- Data for Name: django_celery_beat_periodictasks; Type: TABLE DATA; Schema: public; Owner: postgres
--

COPY public.django_celery_beat_periodictasks (ident, last_update) FROM stdin;
\.


--
-- Data for Name: django_celery_beat_solarschedule; Type: TABLE DATA; Schema: public; Owner: postgres
--

COPY public.django_celery_beat_solarschedule (id, event, latitude, longitude) FROM stdin;
\.


--
-- Data for Name: django_content_type; Type: TABLE DATA; Schema: public; Owner: postgres
--

COPY public.django_content_type (id, app_label, model) FROM stdin;
1	sites	site
2	cabinet	disease
3	cabinet	allergy
4	cabinet	advantage
5	cabinet	rate
6	cabinet	treatmenttype
7	cabinet	diabetestype
8	admin	logentry
9	auth	permission
10	auth	group
11	contenttypes	contenttype
12	sessions	session
13	token_blacklist	blacklistedtoken
14	token_blacklist	outstandingtoken
15	django_celery_beat	crontabschedule
16	django_celery_beat	intervalschedule
17	django_celery_beat	periodictask
18	django_celery_beat	periodictasks
19	django_celery_beat	solarschedule
20	django_celery_beat	clockedschedule
21	auth_service	appuser
22	data_tracking	dailylog
23	data_tracking	glucose
24	data_tracking	pressure
25	data_tracking	bodytemperature
26	data_tracking	monthlylog
27	data_tracking	weeklylog
28	data_tracking	mood
29	auth_service	town
30	data_tracking	cholesterol
31	data_tracking	hemoglobin
32	data_tracking	ketones
33	data_tracking	lipidprofile
34	data_tracking	meal
35	data_tracking	microalbuminuria
36	data_tracking	note
37	data_tracking	physicalactivity
38	data_tracking	temperature
39	data_tracking	weight
40	data_tracking	moodappuser
\.


--
-- Data for Name: django_migrations; Type: TABLE DATA; Schema: public; Owner: postgres
--

COPY public.django_migrations (id, app, name, applied) FROM stdin;
1	contenttypes	0001_initial	2026-03-04 15:08:25.757867+00
2	contenttypes	0002_remove_content_type_name	2026-03-04 15:08:25.761904+00
3	auth	0001_initial	2026-03-04 15:08:25.81467+00
4	auth	0002_alter_permission_name_max_length	2026-03-04 15:08:25.81773+00
5	auth	0003_alter_user_email_max_length	2026-03-04 15:08:25.820529+00
6	auth	0004_alter_user_username_opts	2026-03-04 15:08:25.823625+00
7	auth	0005_alter_user_last_login_null	2026-03-04 15:08:25.826323+00
8	auth	0006_require_contenttypes_0002	2026-03-04 15:08:25.827505+00
9	auth	0007_alter_validators_add_error_messages	2026-03-04 15:08:25.830254+00
10	auth	0008_alter_user_username_max_length	2026-03-04 15:08:25.832977+00
11	auth	0009_alter_user_last_name_max_length	2026-03-04 15:08:25.83593+00
12	auth	0010_alter_group_name_max_length	2026-03-04 15:08:25.878162+00
13	auth	0011_update_proxy_permissions	2026-03-04 15:08:25.88141+00
14	auth	0012_alter_user_first_name_max_length	2026-03-04 15:08:25.88577+00
15	auth_service	0001_initial	2026-03-04 15:08:25.918721+00
16	admin	0001_initial	2026-03-04 15:08:25.933531+00
17	admin	0002_logentry_remove_auto_add	2026-03-04 15:08:25.937309+00
18	admin	0003_logentry_add_action_flag_choices	2026-03-04 15:08:25.941589+00
19	cabinet	0001_initial	2026-03-04 15:08:25.951717+00
20	cabinet	0002_disease	2026-03-04 15:08:25.998005+00
21	cabinet	0003_allergy	2026-03-04 15:08:26.021315+00
22	cabinet	0004_alter_userprofile_diabetes_type	2026-03-04 15:08:26.046424+00
23	cabinet	0005_alter_userprofile_diabetes_type	2026-03-04 15:08:26.061237+00
24	cabinet	0006_userprofile_phone_number	2026-03-04 15:08:26.067322+00
25	cabinet	0007_userprofile_treatment_type	2026-03-04 15:08:26.073051+00
26	cabinet	0008_alter_userprofile_diabetes_type_and_more	2026-03-04 15:08:26.081975+00
27	cabinet	0009_alter_userprofile_diabetes_type	2026-03-04 15:08:26.112683+00
28	cabinet	0010_userprofile_image_alter_userprofile_diabetes_type	2026-03-04 15:08:26.122692+00
29	cabinet	0011_alter_userprofile_image	2026-03-04 15:08:26.128193+00
30	cabinet	0012_advantage_rate	2026-03-04 15:08:26.172247+00
31	cabinet	0013_alter_rate_is_visible	2026-03-04 15:08:26.177612+00
32	cabinet	0014_alter_userprofile_diabetes_type_and_more	2026-03-04 15:08:26.187572+00
33	cabinet	0015_delete_userprofile	2026-03-04 15:08:26.189856+00
34	cabinet	0016_treatmenttype	2026-03-04 15:08:26.203024+00
35	cabinet	0017_diabetestype	2026-03-04 15:08:26.216885+00
36	auth_service	0002_alter_appuser_birth_date	2026-03-04 15:08:26.223139+00
37	auth_service	0003_appuser_treatment_type_fk	2026-03-04 15:08:26.232624+00
38	auth_service	0004_remove_appuser_treatment_type	2026-03-04 15:08:26.23733+00
39	auth_service	0005_rename_treatment_type_fk_appuser_treatment_type	2026-03-04 15:08:26.247961+00
40	auth_service	0006_appuser_diabetes_type_fk	2026-03-04 15:08:26.25874+00
41	auth_service	0007_remove_appuser_diabetes_type	2026-03-04 15:08:26.265484+00
42	auth_service	0008_rename_diabetes_type_fk_appuser_diabetes_type	2026-03-04 15:08:26.275794+00
43	auth_service	0009_appuser_height	2026-03-04 15:08:26.282125+00
44	cabinet	0018_alter_diabetestype_options_and_more	2026-03-04 15:08:26.286618+00
45	data_tracking	0001_initial	2026-03-04 15:08:26.323813+00
46	data_tracking	0002_glucose	2026-03-04 15:08:26.340381+00
47	data_tracking	0003_pressure	2026-03-04 15:08:26.378249+00
48	data_tracking	0004_alter_glucose_options_alter_pressure_options_and_more	2026-03-04 15:08:26.412044+00
49	data_tracking	0005_monthlylog_weeklylog_dailylog_weekly_log	2026-03-04 15:08:26.453528+00
50	data_tracking	0006_alter_monthlylog_month	2026-03-04 15:08:26.506353+00
51	data_tracking	0007_weeklylog_monthly_log	2026-03-04 15:08:26.54408+00
52	data_tracking	0008_alter_dailylog_weekly_log_and_more	2026-03-04 15:08:26.579169+00
53	data_tracking	0009_monthlylog_year_alter_monthlylog_unique_together_and_more	2026-03-04 15:08:26.641684+00
54	data_tracking	0010_alter_weeklylog_bmi	2026-03-04 15:08:26.681361+00
55	data_tracking	0011_health_remove_dailylog_general_health_dailylog_mood_and_more	2026-03-04 15:08:26.76608+00
56	data_tracking	0012_health_bg_color_alter_health_color	2026-03-04 15:08:26.777488+00
57	data_tracking	0013_rename_health_mood	2026-03-04 15:08:26.856693+00
58	data_tracking	0014_auto_20250918_1916	2026-03-04 15:08:26.867131+00
59	django_celery_beat	0001_initial	2026-03-04 15:08:26.91527+00
60	django_celery_beat	0002_auto_20161118_0346	2026-03-04 15:08:26.925668+00
61	django_celery_beat	0003_auto_20161209_0049	2026-03-04 15:08:26.931676+00
62	django_celery_beat	0004_auto_20170221_0000	2026-03-04 15:08:26.934266+00
63	django_celery_beat	0005_add_solarschedule_events_choices	2026-03-04 15:08:26.936592+00
64	django_celery_beat	0006_auto_20180322_0932	2026-03-04 15:08:26.955382+00
65	django_celery_beat	0007_auto_20180521_0826	2026-03-04 15:08:26.964565+00
66	django_celery_beat	0008_auto_20180914_1922	2026-03-04 15:08:26.981946+00
67	django_celery_beat	0006_auto_20180210_1226	2026-03-04 15:08:26.993767+00
68	django_celery_beat	0006_periodictask_priority	2026-03-04 15:08:26.999307+00
69	django_celery_beat	0009_periodictask_headers	2026-03-04 15:08:27.004888+00
70	django_celery_beat	0010_auto_20190429_0326	2026-03-04 15:08:27.104738+00
71	django_celery_beat	0011_auto_20190508_0153	2026-03-04 15:08:27.117703+00
72	django_celery_beat	0012_periodictask_expire_seconds	2026-03-04 15:08:27.12354+00
73	django_celery_beat	0013_auto_20200609_0727	2026-03-04 15:08:27.13047+00
74	django_celery_beat	0014_remove_clockedschedule_enabled	2026-03-04 15:08:27.133379+00
75	django_celery_beat	0015_edit_solarschedule_events_choices	2026-03-04 15:08:27.135748+00
76	django_celery_beat	0016_alter_crontabschedule_timezone	2026-03-04 15:08:27.141872+00
77	django_celery_beat	0017_alter_crontabschedule_month_of_year	2026-03-04 15:08:27.14675+00
78	django_celery_beat	0018_improve_crontab_helptext	2026-03-04 15:08:27.190902+00
79	django_celery_beat	0019_alter_periodictasks_options	2026-03-04 15:08:27.19299+00
80	sessions	0001_initial	2026-03-04 15:08:27.204733+00
81	sites	0001_initial	2026-03-04 15:08:27.208926+00
82	sites	0002_alter_domain_unique	2026-03-04 15:08:27.215605+00
83	token_blacklist	0001_initial	2026-03-04 15:08:27.248572+00
84	token_blacklist	0002_outstandingtoken_jti_hex	2026-03-04 15:08:27.256369+00
85	token_blacklist	0003_auto_20171017_2007	2026-03-04 15:08:27.269435+00
86	token_blacklist	0004_auto_20171017_2013	2026-03-04 15:08:27.283341+00
87	token_blacklist	0005_remove_outstandingtoken_jti	2026-03-04 15:08:27.292186+00
88	token_blacklist	0006_auto_20171017_2113	2026-03-04 15:08:27.300797+00
89	token_blacklist	0007_auto_20171017_2214	2026-03-04 15:08:27.32+00
90	token_blacklist	0008_migrate_to_bigautofield	2026-03-04 15:08:27.381756+00
91	token_blacklist	0010_fix_migrate_to_bigautofield	2026-03-04 15:08:27.393969+00
92	token_blacklist	0011_linearizes_history	2026-03-04 15:08:27.395757+00
93	token_blacklist	0012_alter_outstandingtoken_user	2026-03-04 15:08:27.403777+00
94	auth_service	0010_town_alter_appuser_gender_appuser_town	2026-03-04 16:03:21.037075+00
95	cabinet	0019_delete_advantage_remove_rate_user_and_more	2026-03-04 16:03:21.131809+00
96	data_tracking	0015_alter_monthlylog_year	2026-03-04 16:03:21.142164+00
97	data_tracking	0016_alter_dailylog_unique_together_and_more	2026-03-04 16:27:57.654914+00
98	data_tracking	0017_initial	2026-03-04 16:27:57.890287+00
99	data_tracking	0018_mood_moodappuser	2026-03-04 16:35:22.951134+00
100	auth_service	0011_appuser_moods	2026-03-04 16:35:22.961998+00
101	auth_service	0012_appuser_diseases	2026-03-04 16:37:23.531925+00
\.


--
-- Data for Name: django_session; Type: TABLE DATA; Schema: public; Owner: postgres
--

COPY public.django_session (session_key, session_data, expire_date) FROM stdin;
meoxc14h6qauvqmgw435qhw8mym9e4ly	.eJxVjDsOwjAQRO_iGln-gD-U9DmDtev14gBypDipEHcnkVJAM8W8N_MWCdalprWXOY0krsKI02-HkJ-l7YAe0O6TzFNb5hHlrsiDdjlMVF63w_07qNDrtmbvlA0UHanCVqFGdtr4EKNFw9lS1vm8JYC6KJ0DsGJig8ZYjT5Y8fkC6P84HA:1vxpQm:7YUD2EWIelLYpRmpKew517wkIuHs3pWy5P7SXoY1eL8	2026-03-18 16:50:40.901244+00
\.


--
-- Data for Name: django_site; Type: TABLE DATA; Schema: public; Owner: postgres
--

COPY public.django_site (id, domain, name) FROM stdin;
1	example.com	example.com
\.


--
-- Data for Name: token_blacklist_blacklistedtoken; Type: TABLE DATA; Schema: public; Owner: postgres
--

COPY public.token_blacklist_blacklistedtoken (id, blacklisted_at, token_id) FROM stdin;
\.


--
-- Data for Name: token_blacklist_outstandingtoken; Type: TABLE DATA; Schema: public; Owner: postgres
--

COPY public.token_blacklist_outstandingtoken (id, token, created_at, expires_at, user_id, jti) FROM stdin;
\.


--
-- Name: auth_group_id_seq; Type: SEQUENCE SET; Schema: public; Owner: postgres
--

SELECT pg_catalog.setval('public.auth_group_id_seq', 1, false);


--
-- Name: auth_group_permissions_id_seq; Type: SEQUENCE SET; Schema: public; Owner: postgres
--

SELECT pg_catalog.setval('public.auth_group_permissions_id_seq', 1, false);


--
-- Name: auth_permission_id_seq; Type: SEQUENCE SET; Schema: public; Owner: postgres
--

SELECT pg_catalog.setval('public.auth_permission_id_seq', 160, true);


--
-- Name: auth_service_appuser_diseases_id_seq; Type: SEQUENCE SET; Schema: public; Owner: postgres
--

SELECT pg_catalog.setval('public.auth_service_appuser_diseases_id_seq', 1, false);


--
-- Name: auth_service_appuser_groups_id_seq; Type: SEQUENCE SET; Schema: public; Owner: postgres
--

SELECT pg_catalog.setval('public.auth_service_appuser_groups_id_seq', 1, false);


--
-- Name: auth_service_appuser_id_seq; Type: SEQUENCE SET; Schema: public; Owner: postgres
--

SELECT pg_catalog.setval('public.auth_service_appuser_id_seq', 2, true);


--
-- Name: auth_service_appuser_user_permissions_id_seq; Type: SEQUENCE SET; Schema: public; Owner: postgres
--

SELECT pg_catalog.setval('public.auth_service_appuser_user_permissions_id_seq', 1, false);


--
-- Name: auth_service_town_id_seq; Type: SEQUENCE SET; Schema: public; Owner: postgres
--

SELECT pg_catalog.setval('public.auth_service_town_id_seq', 1, false);


--
-- Name: cabinet_diabetestype_id_seq; Type: SEQUENCE SET; Schema: public; Owner: postgres
--

SELECT pg_catalog.setval('public.cabinet_diabetestype_id_seq', 1, false);


--
-- Name: cabinet_disease_id_seq; Type: SEQUENCE SET; Schema: public; Owner: postgres
--

SELECT pg_catalog.setval('public.cabinet_disease_id_seq', 1, false);


--
-- Name: cabinet_treatmenttype_id_seq; Type: SEQUENCE SET; Schema: public; Owner: postgres
--

SELECT pg_catalog.setval('public.cabinet_treatmenttype_id_seq', 1, false);


--
-- Name: data_tracking_cholesterol_id_seq; Type: SEQUENCE SET; Schema: public; Owner: postgres
--

SELECT pg_catalog.setval('public.data_tracking_cholesterol_id_seq', 1, false);


--
-- Name: data_tracking_glucose_id_seq; Type: SEQUENCE SET; Schema: public; Owner: postgres
--

SELECT pg_catalog.setval('public.data_tracking_glucose_id_seq', 1, false);


--
-- Name: data_tracking_hemoglobin_id_seq; Type: SEQUENCE SET; Schema: public; Owner: postgres
--

SELECT pg_catalog.setval('public.data_tracking_hemoglobin_id_seq', 1, false);


--
-- Name: data_tracking_ketones_id_seq; Type: SEQUENCE SET; Schema: public; Owner: postgres
--

SELECT pg_catalog.setval('public.data_tracking_ketones_id_seq', 1, false);


--
-- Name: data_tracking_lipidprofile_id_seq; Type: SEQUENCE SET; Schema: public; Owner: postgres
--

SELECT pg_catalog.setval('public.data_tracking_lipidprofile_id_seq', 1, false);


--
-- Name: data_tracking_meal_id_seq; Type: SEQUENCE SET; Schema: public; Owner: postgres
--

SELECT pg_catalog.setval('public.data_tracking_meal_id_seq', 1, false);


--
-- Name: data_tracking_microalbuminuria_id_seq; Type: SEQUENCE SET; Schema: public; Owner: postgres
--

SELECT pg_catalog.setval('public.data_tracking_microalbuminuria_id_seq', 1, false);


--
-- Name: data_tracking_mood_id_seq; Type: SEQUENCE SET; Schema: public; Owner: postgres
--

SELECT pg_catalog.setval('public.data_tracking_mood_id_seq', 1, false);


--
-- Name: data_tracking_moodappuser_id_seq; Type: SEQUENCE SET; Schema: public; Owner: postgres
--

SELECT pg_catalog.setval('public.data_tracking_moodappuser_id_seq', 1, false);


--
-- Name: data_tracking_note_id_seq; Type: SEQUENCE SET; Schema: public; Owner: postgres
--

SELECT pg_catalog.setval('public.data_tracking_note_id_seq', 1, false);


--
-- Name: data_tracking_physicalactivity_id_seq; Type: SEQUENCE SET; Schema: public; Owner: postgres
--

SELECT pg_catalog.setval('public.data_tracking_physicalactivity_id_seq', 1, false);


--
-- Name: data_tracking_temperature_id_seq; Type: SEQUENCE SET; Schema: public; Owner: postgres
--

SELECT pg_catalog.setval('public.data_tracking_temperature_id_seq', 1, false);


--
-- Name: data_tracking_weight_id_seq; Type: SEQUENCE SET; Schema: public; Owner: postgres
--

SELECT pg_catalog.setval('public.data_tracking_weight_id_seq', 1, false);


--
-- Name: django_admin_log_id_seq; Type: SEQUENCE SET; Schema: public; Owner: postgres
--

SELECT pg_catalog.setval('public.django_admin_log_id_seq', 1, false);


--
-- Name: django_celery_beat_clockedschedule_id_seq; Type: SEQUENCE SET; Schema: public; Owner: postgres
--

SELECT pg_catalog.setval('public.django_celery_beat_clockedschedule_id_seq', 1, false);


--
-- Name: django_celery_beat_crontabschedule_id_seq; Type: SEQUENCE SET; Schema: public; Owner: postgres
--

SELECT pg_catalog.setval('public.django_celery_beat_crontabschedule_id_seq', 1, false);


--
-- Name: django_celery_beat_intervalschedule_id_seq; Type: SEQUENCE SET; Schema: public; Owner: postgres
--

SELECT pg_catalog.setval('public.django_celery_beat_intervalschedule_id_seq', 1, false);


--
-- Name: django_celery_beat_periodictask_id_seq; Type: SEQUENCE SET; Schema: public; Owner: postgres
--

SELECT pg_catalog.setval('public.django_celery_beat_periodictask_id_seq', 1, false);


--
-- Name: django_celery_beat_solarschedule_id_seq; Type: SEQUENCE SET; Schema: public; Owner: postgres
--

SELECT pg_catalog.setval('public.django_celery_beat_solarschedule_id_seq', 1, false);


--
-- Name: django_content_type_id_seq; Type: SEQUENCE SET; Schema: public; Owner: postgres
--

SELECT pg_catalog.setval('public.django_content_type_id_seq', 40, true);


--
-- Name: django_migrations_id_seq; Type: SEQUENCE SET; Schema: public; Owner: postgres
--

SELECT pg_catalog.setval('public.django_migrations_id_seq', 101, true);


--
-- Name: django_site_id_seq; Type: SEQUENCE SET; Schema: public; Owner: postgres
--

SELECT pg_catalog.setval('public.django_site_id_seq', 1, true);


--
-- Name: token_blacklist_blacklistedtoken_id_seq; Type: SEQUENCE SET; Schema: public; Owner: postgres
--

SELECT pg_catalog.setval('public.token_blacklist_blacklistedtoken_id_seq', 1, false);


--
-- Name: token_blacklist_outstandingtoken_id_seq; Type: SEQUENCE SET; Schema: public; Owner: postgres
--

SELECT pg_catalog.setval('public.token_blacklist_outstandingtoken_id_seq', 1, false);


--
-- Name: auth_group auth_group_name_key; Type: CONSTRAINT; Schema: public; Owner: postgres
--

ALTER TABLE ONLY public.auth_group
    ADD CONSTRAINT auth_group_name_key UNIQUE (name);


--
-- Name: auth_group_permissions auth_group_permissions_group_id_permission_id_0cd325b0_uniq; Type: CONSTRAINT; Schema: public; Owner: postgres
--

ALTER TABLE ONLY public.auth_group_permissions
    ADD CONSTRAINT auth_group_permissions_group_id_permission_id_0cd325b0_uniq UNIQUE (group_id, permission_id);


--
-- Name: auth_group_permissions auth_group_permissions_pkey; Type: CONSTRAINT; Schema: public; Owner: postgres
--

ALTER TABLE ONLY public.auth_group_permissions
    ADD CONSTRAINT auth_group_permissions_pkey PRIMARY KEY (id);


--
-- Name: auth_group auth_group_pkey; Type: CONSTRAINT; Schema: public; Owner: postgres
--

ALTER TABLE ONLY public.auth_group
    ADD CONSTRAINT auth_group_pkey PRIMARY KEY (id);


--
-- Name: auth_permission auth_permission_content_type_id_codename_01ab375a_uniq; Type: CONSTRAINT; Schema: public; Owner: postgres
--

ALTER TABLE ONLY public.auth_permission
    ADD CONSTRAINT auth_permission_content_type_id_codename_01ab375a_uniq UNIQUE (content_type_id, codename);


--
-- Name: auth_permission auth_permission_pkey; Type: CONSTRAINT; Schema: public; Owner: postgres
--

ALTER TABLE ONLY public.auth_permission
    ADD CONSTRAINT auth_permission_pkey PRIMARY KEY (id);


--
-- Name: auth_service_appuser_diseases auth_service_appuser_dis_appuser_id_disease_id_c7341da9_uniq; Type: CONSTRAINT; Schema: public; Owner: postgres
--

ALTER TABLE ONLY public.auth_service_appuser_diseases
    ADD CONSTRAINT auth_service_appuser_dis_appuser_id_disease_id_c7341da9_uniq UNIQUE (appuser_id, disease_id);


--
-- Name: auth_service_appuser_diseases auth_service_appuser_diseases_pkey; Type: CONSTRAINT; Schema: public; Owner: postgres
--

ALTER TABLE ONLY public.auth_service_appuser_diseases
    ADD CONSTRAINT auth_service_appuser_diseases_pkey PRIMARY KEY (id);


--
-- Name: auth_service_appuser_groups auth_service_appuser_groups_appuser_id_group_id_75c37e79_uniq; Type: CONSTRAINT; Schema: public; Owner: postgres
--

ALTER TABLE ONLY public.auth_service_appuser_groups
    ADD CONSTRAINT auth_service_appuser_groups_appuser_id_group_id_75c37e79_uniq UNIQUE (appuser_id, group_id);


--
-- Name: auth_service_appuser_groups auth_service_appuser_groups_pkey; Type: CONSTRAINT; Schema: public; Owner: postgres
--

ALTER TABLE ONLY public.auth_service_appuser_groups
    ADD CONSTRAINT auth_service_appuser_groups_pkey PRIMARY KEY (id);


--
-- Name: auth_service_appuser auth_service_appuser_pkey; Type: CONSTRAINT; Schema: public; Owner: postgres
--

ALTER TABLE ONLY public.auth_service_appuser
    ADD CONSTRAINT auth_service_appuser_pkey PRIMARY KEY (id);


--
-- Name: auth_service_appuser_user_permissions auth_service_appuser_use_appuser_id_permission_id_b049d7d0_uniq; Type: CONSTRAINT; Schema: public; Owner: postgres
--

ALTER TABLE ONLY public.auth_service_appuser_user_permissions
    ADD CONSTRAINT auth_service_appuser_use_appuser_id_permission_id_b049d7d0_uniq UNIQUE (appuser_id, permission_id);


--
-- Name: auth_service_appuser_user_permissions auth_service_appuser_user_permissions_pkey; Type: CONSTRAINT; Schema: public; Owner: postgres
--

ALTER TABLE ONLY public.auth_service_appuser_user_permissions
    ADD CONSTRAINT auth_service_appuser_user_permissions_pkey PRIMARY KEY (id);


--
-- Name: auth_service_appuser auth_service_appuser_username_key; Type: CONSTRAINT; Schema: public; Owner: postgres
--

ALTER TABLE ONLY public.auth_service_appuser
    ADD CONSTRAINT auth_service_appuser_username_key UNIQUE (username);


--
-- Name: auth_service_town auth_service_town_name_key; Type: CONSTRAINT; Schema: public; Owner: postgres
--

ALTER TABLE ONLY public.auth_service_town
    ADD CONSTRAINT auth_service_town_name_key UNIQUE (name);


--
-- Name: auth_service_town auth_service_town_pkey; Type: CONSTRAINT; Schema: public; Owner: postgres
--

ALTER TABLE ONLY public.auth_service_town
    ADD CONSTRAINT auth_service_town_pkey PRIMARY KEY (id);


--
-- Name: cabinet_diabetestype cabinet_diabetestype_name_key; Type: CONSTRAINT; Schema: public; Owner: postgres
--

ALTER TABLE ONLY public.cabinet_diabetestype
    ADD CONSTRAINT cabinet_diabetestype_name_key UNIQUE (name);


--
-- Name: cabinet_diabetestype cabinet_diabetestype_pkey; Type: CONSTRAINT; Schema: public; Owner: postgres
--

ALTER TABLE ONLY public.cabinet_diabetestype
    ADD CONSTRAINT cabinet_diabetestype_pkey PRIMARY KEY (id);


--
-- Name: cabinet_disease cabinet_disease_pkey; Type: CONSTRAINT; Schema: public; Owner: postgres
--

ALTER TABLE ONLY public.cabinet_disease
    ADD CONSTRAINT cabinet_disease_pkey PRIMARY KEY (id);


--
-- Name: cabinet_treatmenttype cabinet_treatmenttype_name_key; Type: CONSTRAINT; Schema: public; Owner: postgres
--

ALTER TABLE ONLY public.cabinet_treatmenttype
    ADD CONSTRAINT cabinet_treatmenttype_name_key UNIQUE (name);


--
-- Name: cabinet_treatmenttype cabinet_treatmenttype_pkey; Type: CONSTRAINT; Schema: public; Owner: postgres
--

ALTER TABLE ONLY public.cabinet_treatmenttype
    ADD CONSTRAINT cabinet_treatmenttype_pkey PRIMARY KEY (id);


--
-- Name: data_tracking_cholesterol data_tracking_cholesterol_pkey; Type: CONSTRAINT; Schema: public; Owner: postgres
--

ALTER TABLE ONLY public.data_tracking_cholesterol
    ADD CONSTRAINT data_tracking_cholesterol_pkey PRIMARY KEY (id);


--
-- Name: data_tracking_glucose data_tracking_glucose_pkey; Type: CONSTRAINT; Schema: public; Owner: postgres
--

ALTER TABLE ONLY public.data_tracking_glucose
    ADD CONSTRAINT data_tracking_glucose_pkey PRIMARY KEY (id);


--
-- Name: data_tracking_hemoglobin data_tracking_hemoglobin_pkey; Type: CONSTRAINT; Schema: public; Owner: postgres
--

ALTER TABLE ONLY public.data_tracking_hemoglobin
    ADD CONSTRAINT data_tracking_hemoglobin_pkey PRIMARY KEY (id);


--
-- Name: data_tracking_ketones data_tracking_ketones_pkey; Type: CONSTRAINT; Schema: public; Owner: postgres
--

ALTER TABLE ONLY public.data_tracking_ketones
    ADD CONSTRAINT data_tracking_ketones_pkey PRIMARY KEY (id);


--
-- Name: data_tracking_lipidprofile data_tracking_lipidprofile_pkey; Type: CONSTRAINT; Schema: public; Owner: postgres
--

ALTER TABLE ONLY public.data_tracking_lipidprofile
    ADD CONSTRAINT data_tracking_lipidprofile_pkey PRIMARY KEY (id);


--
-- Name: data_tracking_meal data_tracking_meal_pkey; Type: CONSTRAINT; Schema: public; Owner: postgres
--

ALTER TABLE ONLY public.data_tracking_meal
    ADD CONSTRAINT data_tracking_meal_pkey PRIMARY KEY (id);


--
-- Name: data_tracking_microalbuminuria data_tracking_microalbuminuria_pkey; Type: CONSTRAINT; Schema: public; Owner: postgres
--

ALTER TABLE ONLY public.data_tracking_microalbuminuria
    ADD CONSTRAINT data_tracking_microalbuminuria_pkey PRIMARY KEY (id);


--
-- Name: data_tracking_mood data_tracking_mood_pkey; Type: CONSTRAINT; Schema: public; Owner: postgres
--

ALTER TABLE ONLY public.data_tracking_mood
    ADD CONSTRAINT data_tracking_mood_pkey PRIMARY KEY (id);


--
-- Name: data_tracking_moodappuser data_tracking_moodappuser_pkey; Type: CONSTRAINT; Schema: public; Owner: postgres
--

ALTER TABLE ONLY public.data_tracking_moodappuser
    ADD CONSTRAINT data_tracking_moodappuser_pkey PRIMARY KEY (id);


--
-- Name: data_tracking_note data_tracking_note_pkey; Type: CONSTRAINT; Schema: public; Owner: postgres
--

ALTER TABLE ONLY public.data_tracking_note
    ADD CONSTRAINT data_tracking_note_pkey PRIMARY KEY (id);


--
-- Name: data_tracking_physicalactivity data_tracking_physicalactivity_pkey; Type: CONSTRAINT; Schema: public; Owner: postgres
--

ALTER TABLE ONLY public.data_tracking_physicalactivity
    ADD CONSTRAINT data_tracking_physicalactivity_pkey PRIMARY KEY (id);


--
-- Name: data_tracking_temperature data_tracking_temperature_pkey; Type: CONSTRAINT; Schema: public; Owner: postgres
--

ALTER TABLE ONLY public.data_tracking_temperature
    ADD CONSTRAINT data_tracking_temperature_pkey PRIMARY KEY (id);


--
-- Name: data_tracking_weight data_tracking_weight_pkey; Type: CONSTRAINT; Schema: public; Owner: postgres
--

ALTER TABLE ONLY public.data_tracking_weight
    ADD CONSTRAINT data_tracking_weight_pkey PRIMARY KEY (id);


--
-- Name: django_admin_log django_admin_log_pkey; Type: CONSTRAINT; Schema: public; Owner: postgres
--

ALTER TABLE ONLY public.django_admin_log
    ADD CONSTRAINT django_admin_log_pkey PRIMARY KEY (id);


--
-- Name: django_celery_beat_clockedschedule django_celery_beat_clockedschedule_pkey; Type: CONSTRAINT; Schema: public; Owner: postgres
--

ALTER TABLE ONLY public.django_celery_beat_clockedschedule
    ADD CONSTRAINT django_celery_beat_clockedschedule_pkey PRIMARY KEY (id);


--
-- Name: django_celery_beat_crontabschedule django_celery_beat_crontabschedule_pkey; Type: CONSTRAINT; Schema: public; Owner: postgres
--

ALTER TABLE ONLY public.django_celery_beat_crontabschedule
    ADD CONSTRAINT django_celery_beat_crontabschedule_pkey PRIMARY KEY (id);


--
-- Name: django_celery_beat_intervalschedule django_celery_beat_intervalschedule_pkey; Type: CONSTRAINT; Schema: public; Owner: postgres
--

ALTER TABLE ONLY public.django_celery_beat_intervalschedule
    ADD CONSTRAINT django_celery_beat_intervalschedule_pkey PRIMARY KEY (id);


--
-- Name: django_celery_beat_periodictask django_celery_beat_periodictask_name_key; Type: CONSTRAINT; Schema: public; Owner: postgres
--

ALTER TABLE ONLY public.django_celery_beat_periodictask
    ADD CONSTRAINT django_celery_beat_periodictask_name_key UNIQUE (name);


--
-- Name: django_celery_beat_periodictask django_celery_beat_periodictask_pkey; Type: CONSTRAINT; Schema: public; Owner: postgres
--

ALTER TABLE ONLY public.django_celery_beat_periodictask
    ADD CONSTRAINT django_celery_beat_periodictask_pkey PRIMARY KEY (id);


--
-- Name: django_celery_beat_periodictasks django_celery_beat_periodictasks_pkey; Type: CONSTRAINT; Schema: public; Owner: postgres
--

ALTER TABLE ONLY public.django_celery_beat_periodictasks
    ADD CONSTRAINT django_celery_beat_periodictasks_pkey PRIMARY KEY (ident);


--
-- Name: django_celery_beat_solarschedule django_celery_beat_solar_event_latitude_longitude_ba64999a_uniq; Type: CONSTRAINT; Schema: public; Owner: postgres
--

ALTER TABLE ONLY public.django_celery_beat_solarschedule
    ADD CONSTRAINT django_celery_beat_solar_event_latitude_longitude_ba64999a_uniq UNIQUE (event, latitude, longitude);


--
-- Name: django_celery_beat_solarschedule django_celery_beat_solarschedule_pkey; Type: CONSTRAINT; Schema: public; Owner: postgres
--

ALTER TABLE ONLY public.django_celery_beat_solarschedule
    ADD CONSTRAINT django_celery_beat_solarschedule_pkey PRIMARY KEY (id);


--
-- Name: django_content_type django_content_type_app_label_model_76bd3d3b_uniq; Type: CONSTRAINT; Schema: public; Owner: postgres
--

ALTER TABLE ONLY public.django_content_type
    ADD CONSTRAINT django_content_type_app_label_model_76bd3d3b_uniq UNIQUE (app_label, model);


--
-- Name: django_content_type django_content_type_pkey; Type: CONSTRAINT; Schema: public; Owner: postgres
--

ALTER TABLE ONLY public.django_content_type
    ADD CONSTRAINT django_content_type_pkey PRIMARY KEY (id);


--
-- Name: django_migrations django_migrations_pkey; Type: CONSTRAINT; Schema: public; Owner: postgres
--

ALTER TABLE ONLY public.django_migrations
    ADD CONSTRAINT django_migrations_pkey PRIMARY KEY (id);


--
-- Name: django_session django_session_pkey; Type: CONSTRAINT; Schema: public; Owner: postgres
--

ALTER TABLE ONLY public.django_session
    ADD CONSTRAINT django_session_pkey PRIMARY KEY (session_key);


--
-- Name: django_site django_site_domain_a2e37b91_uniq; Type: CONSTRAINT; Schema: public; Owner: postgres
--

ALTER TABLE ONLY public.django_site
    ADD CONSTRAINT django_site_domain_a2e37b91_uniq UNIQUE (domain);


--
-- Name: django_site django_site_pkey; Type: CONSTRAINT; Schema: public; Owner: postgres
--

ALTER TABLE ONLY public.django_site
    ADD CONSTRAINT django_site_pkey PRIMARY KEY (id);


--
-- Name: token_blacklist_blacklistedtoken token_blacklist_blacklistedtoken_pkey; Type: CONSTRAINT; Schema: public; Owner: postgres
--

ALTER TABLE ONLY public.token_blacklist_blacklistedtoken
    ADD CONSTRAINT token_blacklist_blacklistedtoken_pkey PRIMARY KEY (id);


--
-- Name: token_blacklist_blacklistedtoken token_blacklist_blacklistedtoken_token_id_key; Type: CONSTRAINT; Schema: public; Owner: postgres
--

ALTER TABLE ONLY public.token_blacklist_blacklistedtoken
    ADD CONSTRAINT token_blacklist_blacklistedtoken_token_id_key UNIQUE (token_id);


--
-- Name: token_blacklist_outstandingtoken token_blacklist_outstandingtoken_jti_hex_d9bdf6f7_uniq; Type: CONSTRAINT; Schema: public; Owner: postgres
--

ALTER TABLE ONLY public.token_blacklist_outstandingtoken
    ADD CONSTRAINT token_blacklist_outstandingtoken_jti_hex_d9bdf6f7_uniq UNIQUE (jti);


--
-- Name: token_blacklist_outstandingtoken token_blacklist_outstandingtoken_pkey; Type: CONSTRAINT; Schema: public; Owner: postgres
--

ALTER TABLE ONLY public.token_blacklist_outstandingtoken
    ADD CONSTRAINT token_blacklist_outstandingtoken_pkey PRIMARY KEY (id);


--
-- Name: auth_group_name_a6ea08ec_like; Type: INDEX; Schema: public; Owner: postgres
--

CREATE INDEX auth_group_name_a6ea08ec_like ON public.auth_group USING btree (name varchar_pattern_ops);


--
-- Name: auth_group_permissions_group_id_b120cbf9; Type: INDEX; Schema: public; Owner: postgres
--

CREATE INDEX auth_group_permissions_group_id_b120cbf9 ON public.auth_group_permissions USING btree (group_id);


--
-- Name: auth_group_permissions_permission_id_84c5c92e; Type: INDEX; Schema: public; Owner: postgres
--

CREATE INDEX auth_group_permissions_permission_id_84c5c92e ON public.auth_group_permissions USING btree (permission_id);


--
-- Name: auth_permission_content_type_id_2f476e4b; Type: INDEX; Schema: public; Owner: postgres
--

CREATE INDEX auth_permission_content_type_id_2f476e4b ON public.auth_permission USING btree (content_type_id);


--
-- Name: auth_service_appuser_diabetes_type_fk_id_0f37c317; Type: INDEX; Schema: public; Owner: postgres
--

CREATE INDEX auth_service_appuser_diabetes_type_fk_id_0f37c317 ON public.auth_service_appuser USING btree (diabetes_type_id);


--
-- Name: auth_service_appuser_diseases_appuser_id_dced3d08; Type: INDEX; Schema: public; Owner: postgres
--

CREATE INDEX auth_service_appuser_diseases_appuser_id_dced3d08 ON public.auth_service_appuser_diseases USING btree (appuser_id);


--
-- Name: auth_service_appuser_diseases_disease_id_1878cb5b; Type: INDEX; Schema: public; Owner: postgres
--

CREATE INDEX auth_service_appuser_diseases_disease_id_1878cb5b ON public.auth_service_appuser_diseases USING btree (disease_id);


--
-- Name: auth_service_appuser_groups_appuser_id_23d52999; Type: INDEX; Schema: public; Owner: postgres
--

CREATE INDEX auth_service_appuser_groups_appuser_id_23d52999 ON public.auth_service_appuser_groups USING btree (appuser_id);


--
-- Name: auth_service_appuser_groups_group_id_361e100a; Type: INDEX; Schema: public; Owner: postgres
--

CREATE INDEX auth_service_appuser_groups_group_id_361e100a ON public.auth_service_appuser_groups USING btree (group_id);


--
-- Name: auth_service_appuser_town_id_0352ce27; Type: INDEX; Schema: public; Owner: postgres
--

CREATE INDEX auth_service_appuser_town_id_0352ce27 ON public.auth_service_appuser USING btree (town_id);


--
-- Name: auth_service_appuser_treatment_type_fk_id_0a424a4a; Type: INDEX; Schema: public; Owner: postgres
--

CREATE INDEX auth_service_appuser_treatment_type_fk_id_0a424a4a ON public.auth_service_appuser USING btree (treatment_type_id);


--
-- Name: auth_service_appuser_user_permissions_appuser_id_f5d4052a; Type: INDEX; Schema: public; Owner: postgres
--

CREATE INDEX auth_service_appuser_user_permissions_appuser_id_f5d4052a ON public.auth_service_appuser_user_permissions USING btree (appuser_id);


--
-- Name: auth_service_appuser_user_permissions_permission_id_a2ae5d5b; Type: INDEX; Schema: public; Owner: postgres
--

CREATE INDEX auth_service_appuser_user_permissions_permission_id_a2ae5d5b ON public.auth_service_appuser_user_permissions USING btree (permission_id);


--
-- Name: auth_service_appuser_username_34a3ac5a_like; Type: INDEX; Schema: public; Owner: postgres
--

CREATE INDEX auth_service_appuser_username_34a3ac5a_like ON public.auth_service_appuser USING btree (username varchar_pattern_ops);


--
-- Name: auth_service_town_name_b76b0475_like; Type: INDEX; Schema: public; Owner: postgres
--

CREATE INDEX auth_service_town_name_b76b0475_like ON public.auth_service_town USING btree (name varchar_pattern_ops);


--
-- Name: cabinet_diabetestype_name_225e7b55_like; Type: INDEX; Schema: public; Owner: postgres
--

CREATE INDEX cabinet_diabetestype_name_225e7b55_like ON public.cabinet_diabetestype USING btree (name varchar_pattern_ops);


--
-- Name: cabinet_treatmenttype_name_ed593282_like; Type: INDEX; Schema: public; Owner: postgres
--

CREATE INDEX cabinet_treatmenttype_name_ed593282_like ON public.cabinet_treatmenttype USING btree (name varchar_pattern_ops);


--
-- Name: data_tracki_user_id_099c64_idx; Type: INDEX; Schema: public; Owner: postgres
--

CREATE INDEX data_tracki_user_id_099c64_idx ON public.data_tracking_cholesterol USING btree (user_id, measured_at);


--
-- Name: data_tracki_user_id_0d04a5_idx; Type: INDEX; Schema: public; Owner: postgres
--

CREATE INDEX data_tracki_user_id_0d04a5_idx ON public.data_tracking_physicalactivity USING btree (user_id, measured_at);


--
-- Name: data_tracki_user_id_108dcb_idx; Type: INDEX; Schema: public; Owner: postgres
--

CREATE INDEX data_tracki_user_id_108dcb_idx ON public.data_tracking_hemoglobin USING btree (user_id, measured_at);


--
-- Name: data_tracki_user_id_131461_idx; Type: INDEX; Schema: public; Owner: postgres
--

CREATE INDEX data_tracki_user_id_131461_idx ON public.data_tracking_meal USING btree (user_id, eaten_at);


--
-- Name: data_tracki_user_id_1d9840_idx; Type: INDEX; Schema: public; Owner: postgres
--

CREATE INDEX data_tracki_user_id_1d9840_idx ON public.data_tracking_glucose USING btree (user_id, measured_at);


--
-- Name: data_tracki_user_id_2c98c2_idx; Type: INDEX; Schema: public; Owner: postgres
--

CREATE INDEX data_tracki_user_id_2c98c2_idx ON public.data_tracking_temperature USING btree (user_id, measured_at);


--
-- Name: data_tracki_user_id_711ad8_idx; Type: INDEX; Schema: public; Owner: postgres
--

CREATE INDEX data_tracki_user_id_711ad8_idx ON public.data_tracking_note USING btree (user_id, measured_at);


--
-- Name: data_tracki_user_id_830af5_idx; Type: INDEX; Schema: public; Owner: postgres
--

CREATE INDEX data_tracki_user_id_830af5_idx ON public.data_tracking_weight USING btree (user_id, measured_at);


--
-- Name: data_tracki_user_id_b7ff9e_idx; Type: INDEX; Schema: public; Owner: postgres
--

CREATE INDEX data_tracki_user_id_b7ff9e_idx ON public.data_tracking_microalbuminuria USING btree (user_id, measured_at);


--
-- Name: data_tracki_user_id_bc13de_idx; Type: INDEX; Schema: public; Owner: postgres
--

CREATE INDEX data_tracki_user_id_bc13de_idx ON public.data_tracking_lipidprofile USING btree (user_id, measured_at);


--
-- Name: data_tracki_user_id_e4f34c_idx; Type: INDEX; Schema: public; Owner: postgres
--

CREATE INDEX data_tracki_user_id_e4f34c_idx ON public.data_tracking_moodappuser USING btree (user_id, mood_id, measured_at);


--
-- Name: data_tracki_user_id_fe96e0_idx; Type: INDEX; Schema: public; Owner: postgres
--

CREATE INDEX data_tracki_user_id_fe96e0_idx ON public.data_tracking_ketones USING btree (user_id, measured_at);


--
-- Name: data_tracking_cholesterol_user_id_d52a7fe6; Type: INDEX; Schema: public; Owner: postgres
--

CREATE INDEX data_tracking_cholesterol_user_id_d52a7fe6 ON public.data_tracking_cholesterol USING btree (user_id);


--
-- Name: data_tracking_glucose_user_id_16a02db0; Type: INDEX; Schema: public; Owner: postgres
--

CREATE INDEX data_tracking_glucose_user_id_16a02db0 ON public.data_tracking_glucose USING btree (user_id);


--
-- Name: data_tracking_hemoglobin_user_id_e4622d1a; Type: INDEX; Schema: public; Owner: postgres
--

CREATE INDEX data_tracking_hemoglobin_user_id_e4622d1a ON public.data_tracking_hemoglobin USING btree (user_id);


--
-- Name: data_tracking_ketones_user_id_d675d5df; Type: INDEX; Schema: public; Owner: postgres
--

CREATE INDEX data_tracking_ketones_user_id_d675d5df ON public.data_tracking_ketones USING btree (user_id);


--
-- Name: data_tracking_lipidprofile_user_id_ae8110af; Type: INDEX; Schema: public; Owner: postgres
--

CREATE INDEX data_tracking_lipidprofile_user_id_ae8110af ON public.data_tracking_lipidprofile USING btree (user_id);


--
-- Name: data_tracking_meal_user_id_04e0fb01; Type: INDEX; Schema: public; Owner: postgres
--

CREATE INDEX data_tracking_meal_user_id_04e0fb01 ON public.data_tracking_meal USING btree (user_id);


--
-- Name: data_tracking_microalbuminuria_user_id_726e0ff7; Type: INDEX; Schema: public; Owner: postgres
--

CREATE INDEX data_tracking_microalbuminuria_user_id_726e0ff7 ON public.data_tracking_microalbuminuria USING btree (user_id);


--
-- Name: data_tracking_moodappuser_mood_id_3847256e; Type: INDEX; Schema: public; Owner: postgres
--

CREATE INDEX data_tracking_moodappuser_mood_id_3847256e ON public.data_tracking_moodappuser USING btree (mood_id);


--
-- Name: data_tracking_moodappuser_user_id_e6d9baaf; Type: INDEX; Schema: public; Owner: postgres
--

CREATE INDEX data_tracking_moodappuser_user_id_e6d9baaf ON public.data_tracking_moodappuser USING btree (user_id);


--
-- Name: data_tracking_note_user_id_78c30d0c; Type: INDEX; Schema: public; Owner: postgres
--

CREATE INDEX data_tracking_note_user_id_78c30d0c ON public.data_tracking_note USING btree (user_id);


--
-- Name: data_tracking_physicalactivity_user_id_817953ff; Type: INDEX; Schema: public; Owner: postgres
--

CREATE INDEX data_tracking_physicalactivity_user_id_817953ff ON public.data_tracking_physicalactivity USING btree (user_id);


--
-- Name: data_tracking_temperature_user_id_97389552; Type: INDEX; Schema: public; Owner: postgres
--

CREATE INDEX data_tracking_temperature_user_id_97389552 ON public.data_tracking_temperature USING btree (user_id);


--
-- Name: data_tracking_weight_user_id_d1e5b5c1; Type: INDEX; Schema: public; Owner: postgres
--

CREATE INDEX data_tracking_weight_user_id_d1e5b5c1 ON public.data_tracking_weight USING btree (user_id);


--
-- Name: django_admin_log_content_type_id_c4bce8eb; Type: INDEX; Schema: public; Owner: postgres
--

CREATE INDEX django_admin_log_content_type_id_c4bce8eb ON public.django_admin_log USING btree (content_type_id);


--
-- Name: django_admin_log_user_id_c564eba6; Type: INDEX; Schema: public; Owner: postgres
--

CREATE INDEX django_admin_log_user_id_c564eba6 ON public.django_admin_log USING btree (user_id);


--
-- Name: django_celery_beat_periodictask_clocked_id_47a69f82; Type: INDEX; Schema: public; Owner: postgres
--

CREATE INDEX django_celery_beat_periodictask_clocked_id_47a69f82 ON public.django_celery_beat_periodictask USING btree (clocked_id);


--
-- Name: django_celery_beat_periodictask_crontab_id_d3cba168; Type: INDEX; Schema: public; Owner: postgres
--

CREATE INDEX django_celery_beat_periodictask_crontab_id_d3cba168 ON public.django_celery_beat_periodictask USING btree (crontab_id);


--
-- Name: django_celery_beat_periodictask_interval_id_a8ca27da; Type: INDEX; Schema: public; Owner: postgres
--

CREATE INDEX django_celery_beat_periodictask_interval_id_a8ca27da ON public.django_celery_beat_periodictask USING btree (interval_id);


--
-- Name: django_celery_beat_periodictask_name_265a36b7_like; Type: INDEX; Schema: public; Owner: postgres
--

CREATE INDEX django_celery_beat_periodictask_name_265a36b7_like ON public.django_celery_beat_periodictask USING btree (name varchar_pattern_ops);


--
-- Name: django_celery_beat_periodictask_solar_id_a87ce72c; Type: INDEX; Schema: public; Owner: postgres
--

CREATE INDEX django_celery_beat_periodictask_solar_id_a87ce72c ON public.django_celery_beat_periodictask USING btree (solar_id);


--
-- Name: django_session_expire_date_a5c62663; Type: INDEX; Schema: public; Owner: postgres
--

CREATE INDEX django_session_expire_date_a5c62663 ON public.django_session USING btree (expire_date);


--
-- Name: django_session_session_key_c0390e0f_like; Type: INDEX; Schema: public; Owner: postgres
--

CREATE INDEX django_session_session_key_c0390e0f_like ON public.django_session USING btree (session_key varchar_pattern_ops);


--
-- Name: django_site_domain_a2e37b91_like; Type: INDEX; Schema: public; Owner: postgres
--

CREATE INDEX django_site_domain_a2e37b91_like ON public.django_site USING btree (domain varchar_pattern_ops);


--
-- Name: token_blacklist_outstandingtoken_jti_hex_d9bdf6f7_like; Type: INDEX; Schema: public; Owner: postgres
--

CREATE INDEX token_blacklist_outstandingtoken_jti_hex_d9bdf6f7_like ON public.token_blacklist_outstandingtoken USING btree (jti varchar_pattern_ops);


--
-- Name: token_blacklist_outstandingtoken_user_id_83bc629a; Type: INDEX; Schema: public; Owner: postgres
--

CREATE INDEX token_blacklist_outstandingtoken_user_id_83bc629a ON public.token_blacklist_outstandingtoken USING btree (user_id);


--
-- Name: auth_group_permissions auth_group_permissio_permission_id_84c5c92e_fk_auth_perm; Type: FK CONSTRAINT; Schema: public; Owner: postgres
--

ALTER TABLE ONLY public.auth_group_permissions
    ADD CONSTRAINT auth_group_permissio_permission_id_84c5c92e_fk_auth_perm FOREIGN KEY (permission_id) REFERENCES public.auth_permission(id) DEFERRABLE INITIALLY DEFERRED;


--
-- Name: auth_group_permissions auth_group_permissions_group_id_b120cbf9_fk_auth_group_id; Type: FK CONSTRAINT; Schema: public; Owner: postgres
--

ALTER TABLE ONLY public.auth_group_permissions
    ADD CONSTRAINT auth_group_permissions_group_id_b120cbf9_fk_auth_group_id FOREIGN KEY (group_id) REFERENCES public.auth_group(id) DEFERRABLE INITIALLY DEFERRED;


--
-- Name: auth_permission auth_permission_content_type_id_2f476e4b_fk_django_co; Type: FK CONSTRAINT; Schema: public; Owner: postgres
--

ALTER TABLE ONLY public.auth_permission
    ADD CONSTRAINT auth_permission_content_type_id_2f476e4b_fk_django_co FOREIGN KEY (content_type_id) REFERENCES public.django_content_type(id) DEFERRABLE INITIALLY DEFERRED;


--
-- Name: auth_service_appuser_groups auth_service_appuser_appuser_id_23d52999_fk_auth_serv; Type: FK CONSTRAINT; Schema: public; Owner: postgres
--

ALTER TABLE ONLY public.auth_service_appuser_groups
    ADD CONSTRAINT auth_service_appuser_appuser_id_23d52999_fk_auth_serv FOREIGN KEY (appuser_id) REFERENCES public.auth_service_appuser(id) DEFERRABLE INITIALLY DEFERRED;


--
-- Name: auth_service_appuser_diseases auth_service_appuser_appuser_id_dced3d08_fk_auth_serv; Type: FK CONSTRAINT; Schema: public; Owner: postgres
--

ALTER TABLE ONLY public.auth_service_appuser_diseases
    ADD CONSTRAINT auth_service_appuser_appuser_id_dced3d08_fk_auth_serv FOREIGN KEY (appuser_id) REFERENCES public.auth_service_appuser(id) DEFERRABLE INITIALLY DEFERRED;


--
-- Name: auth_service_appuser_user_permissions auth_service_appuser_appuser_id_f5d4052a_fk_auth_serv; Type: FK CONSTRAINT; Schema: public; Owner: postgres
--

ALTER TABLE ONLY public.auth_service_appuser_user_permissions
    ADD CONSTRAINT auth_service_appuser_appuser_id_f5d4052a_fk_auth_serv FOREIGN KEY (appuser_id) REFERENCES public.auth_service_appuser(id) DEFERRABLE INITIALLY DEFERRED;


--
-- Name: auth_service_appuser auth_service_appuser_diabetes_type_id_198f88f4_fk_cabinet_d; Type: FK CONSTRAINT; Schema: public; Owner: postgres
--

ALTER TABLE ONLY public.auth_service_appuser
    ADD CONSTRAINT auth_service_appuser_diabetes_type_id_198f88f4_fk_cabinet_d FOREIGN KEY (diabetes_type_id) REFERENCES public.cabinet_diabetestype(id) DEFERRABLE INITIALLY DEFERRED;


--
-- Name: auth_service_appuser_diseases auth_service_appuser_disease_id_1878cb5b_fk_cabinet_d; Type: FK CONSTRAINT; Schema: public; Owner: postgres
--

ALTER TABLE ONLY public.auth_service_appuser_diseases
    ADD CONSTRAINT auth_service_appuser_disease_id_1878cb5b_fk_cabinet_d FOREIGN KEY (disease_id) REFERENCES public.cabinet_disease(id) DEFERRABLE INITIALLY DEFERRED;


--
-- Name: auth_service_appuser_groups auth_service_appuser_groups_group_id_361e100a_fk_auth_group_id; Type: FK CONSTRAINT; Schema: public; Owner: postgres
--

ALTER TABLE ONLY public.auth_service_appuser_groups
    ADD CONSTRAINT auth_service_appuser_groups_group_id_361e100a_fk_auth_group_id FOREIGN KEY (group_id) REFERENCES public.auth_group(id) DEFERRABLE INITIALLY DEFERRED;


--
-- Name: auth_service_appuser_user_permissions auth_service_appuser_permission_id_a2ae5d5b_fk_auth_perm; Type: FK CONSTRAINT; Schema: public; Owner: postgres
--

ALTER TABLE ONLY public.auth_service_appuser_user_permissions
    ADD CONSTRAINT auth_service_appuser_permission_id_a2ae5d5b_fk_auth_perm FOREIGN KEY (permission_id) REFERENCES public.auth_permission(id) DEFERRABLE INITIALLY DEFERRED;


--
-- Name: auth_service_appuser auth_service_appuser_town_id_0352ce27_fk_auth_service_town_id; Type: FK CONSTRAINT; Schema: public; Owner: postgres
--

ALTER TABLE ONLY public.auth_service_appuser
    ADD CONSTRAINT auth_service_appuser_town_id_0352ce27_fk_auth_service_town_id FOREIGN KEY (town_id) REFERENCES public.auth_service_town(id) DEFERRABLE INITIALLY DEFERRED;


--
-- Name: auth_service_appuser auth_service_appuser_treatment_type_id_e9bd32d9_fk_cabinet_t; Type: FK CONSTRAINT; Schema: public; Owner: postgres
--

ALTER TABLE ONLY public.auth_service_appuser
    ADD CONSTRAINT auth_service_appuser_treatment_type_id_e9bd32d9_fk_cabinet_t FOREIGN KEY (treatment_type_id) REFERENCES public.cabinet_treatmenttype(id) DEFERRABLE INITIALLY DEFERRED;


--
-- Name: data_tracking_cholesterol data_tracking_choles_user_id_d52a7fe6_fk_auth_serv; Type: FK CONSTRAINT; Schema: public; Owner: postgres
--

ALTER TABLE ONLY public.data_tracking_cholesterol
    ADD CONSTRAINT data_tracking_choles_user_id_d52a7fe6_fk_auth_serv FOREIGN KEY (user_id) REFERENCES public.auth_service_appuser(id) DEFERRABLE INITIALLY DEFERRED;


--
-- Name: data_tracking_glucose data_tracking_glucos_user_id_16a02db0_fk_auth_serv; Type: FK CONSTRAINT; Schema: public; Owner: postgres
--

ALTER TABLE ONLY public.data_tracking_glucose
    ADD CONSTRAINT data_tracking_glucos_user_id_16a02db0_fk_auth_serv FOREIGN KEY (user_id) REFERENCES public.auth_service_appuser(id) DEFERRABLE INITIALLY DEFERRED;


--
-- Name: data_tracking_hemoglobin data_tracking_hemogl_user_id_e4622d1a_fk_auth_serv; Type: FK CONSTRAINT; Schema: public; Owner: postgres
--

ALTER TABLE ONLY public.data_tracking_hemoglobin
    ADD CONSTRAINT data_tracking_hemogl_user_id_e4622d1a_fk_auth_serv FOREIGN KEY (user_id) REFERENCES public.auth_service_appuser(id) DEFERRABLE INITIALLY DEFERRED;


--
-- Name: data_tracking_ketones data_tracking_ketone_user_id_d675d5df_fk_auth_serv; Type: FK CONSTRAINT; Schema: public; Owner: postgres
--

ALTER TABLE ONLY public.data_tracking_ketones
    ADD CONSTRAINT data_tracking_ketone_user_id_d675d5df_fk_auth_serv FOREIGN KEY (user_id) REFERENCES public.auth_service_appuser(id) DEFERRABLE INITIALLY DEFERRED;


--
-- Name: data_tracking_lipidprofile data_tracking_lipidp_user_id_ae8110af_fk_auth_serv; Type: FK CONSTRAINT; Schema: public; Owner: postgres
--

ALTER TABLE ONLY public.data_tracking_lipidprofile
    ADD CONSTRAINT data_tracking_lipidp_user_id_ae8110af_fk_auth_serv FOREIGN KEY (user_id) REFERENCES public.auth_service_appuser(id) DEFERRABLE INITIALLY DEFERRED;


--
-- Name: data_tracking_meal data_tracking_meal_user_id_04e0fb01_fk_auth_service_appuser_id; Type: FK CONSTRAINT; Schema: public; Owner: postgres
--

ALTER TABLE ONLY public.data_tracking_meal
    ADD CONSTRAINT data_tracking_meal_user_id_04e0fb01_fk_auth_service_appuser_id FOREIGN KEY (user_id) REFERENCES public.auth_service_appuser(id) DEFERRABLE INITIALLY DEFERRED;


--
-- Name: data_tracking_microalbuminuria data_tracking_microa_user_id_726e0ff7_fk_auth_serv; Type: FK CONSTRAINT; Schema: public; Owner: postgres
--

ALTER TABLE ONLY public.data_tracking_microalbuminuria
    ADD CONSTRAINT data_tracking_microa_user_id_726e0ff7_fk_auth_serv FOREIGN KEY (user_id) REFERENCES public.auth_service_appuser(id) DEFERRABLE INITIALLY DEFERRED;


--
-- Name: data_tracking_moodappuser data_tracking_moodap_mood_id_3847256e_fk_data_trac; Type: FK CONSTRAINT; Schema: public; Owner: postgres
--

ALTER TABLE ONLY public.data_tracking_moodappuser
    ADD CONSTRAINT data_tracking_moodap_mood_id_3847256e_fk_data_trac FOREIGN KEY (mood_id) REFERENCES public.data_tracking_mood(id) DEFERRABLE INITIALLY DEFERRED;


--
-- Name: data_tracking_moodappuser data_tracking_moodap_user_id_e6d9baaf_fk_auth_serv; Type: FK CONSTRAINT; Schema: public; Owner: postgres
--

ALTER TABLE ONLY public.data_tracking_moodappuser
    ADD CONSTRAINT data_tracking_moodap_user_id_e6d9baaf_fk_auth_serv FOREIGN KEY (user_id) REFERENCES public.auth_service_appuser(id) DEFERRABLE INITIALLY DEFERRED;


--
-- Name: data_tracking_note data_tracking_note_user_id_78c30d0c_fk_auth_service_appuser_id; Type: FK CONSTRAINT; Schema: public; Owner: postgres
--

ALTER TABLE ONLY public.data_tracking_note
    ADD CONSTRAINT data_tracking_note_user_id_78c30d0c_fk_auth_service_appuser_id FOREIGN KEY (user_id) REFERENCES public.auth_service_appuser(id) DEFERRABLE INITIALLY DEFERRED;


--
-- Name: data_tracking_physicalactivity data_tracking_physic_user_id_817953ff_fk_auth_serv; Type: FK CONSTRAINT; Schema: public; Owner: postgres
--

ALTER TABLE ONLY public.data_tracking_physicalactivity
    ADD CONSTRAINT data_tracking_physic_user_id_817953ff_fk_auth_serv FOREIGN KEY (user_id) REFERENCES public.auth_service_appuser(id) DEFERRABLE INITIALLY DEFERRED;


--
-- Name: data_tracking_temperature data_tracking_temper_user_id_97389552_fk_auth_serv; Type: FK CONSTRAINT; Schema: public; Owner: postgres
--

ALTER TABLE ONLY public.data_tracking_temperature
    ADD CONSTRAINT data_tracking_temper_user_id_97389552_fk_auth_serv FOREIGN KEY (user_id) REFERENCES public.auth_service_appuser(id) DEFERRABLE INITIALLY DEFERRED;


--
-- Name: data_tracking_weight data_tracking_weight_user_id_d1e5b5c1_fk_auth_serv; Type: FK CONSTRAINT; Schema: public; Owner: postgres
--

ALTER TABLE ONLY public.data_tracking_weight
    ADD CONSTRAINT data_tracking_weight_user_id_d1e5b5c1_fk_auth_serv FOREIGN KEY (user_id) REFERENCES public.auth_service_appuser(id) DEFERRABLE INITIALLY DEFERRED;


--
-- Name: django_admin_log django_admin_log_content_type_id_c4bce8eb_fk_django_co; Type: FK CONSTRAINT; Schema: public; Owner: postgres
--

ALTER TABLE ONLY public.django_admin_log
    ADD CONSTRAINT django_admin_log_content_type_id_c4bce8eb_fk_django_co FOREIGN KEY (content_type_id) REFERENCES public.django_content_type(id) DEFERRABLE INITIALLY DEFERRED;


--
-- Name: django_admin_log django_admin_log_user_id_c564eba6_fk_auth_service_appuser_id; Type: FK CONSTRAINT; Schema: public; Owner: postgres
--

ALTER TABLE ONLY public.django_admin_log
    ADD CONSTRAINT django_admin_log_user_id_c564eba6_fk_auth_service_appuser_id FOREIGN KEY (user_id) REFERENCES public.auth_service_appuser(id) DEFERRABLE INITIALLY DEFERRED;


--
-- Name: django_celery_beat_periodictask django_celery_beat_p_clocked_id_47a69f82_fk_django_ce; Type: FK CONSTRAINT; Schema: public; Owner: postgres
--

ALTER TABLE ONLY public.django_celery_beat_periodictask
    ADD CONSTRAINT django_celery_beat_p_clocked_id_47a69f82_fk_django_ce FOREIGN KEY (clocked_id) REFERENCES public.django_celery_beat_clockedschedule(id) DEFERRABLE INITIALLY DEFERRED;


--
-- Name: django_celery_beat_periodictask django_celery_beat_p_crontab_id_d3cba168_fk_django_ce; Type: FK CONSTRAINT; Schema: public; Owner: postgres
--

ALTER TABLE ONLY public.django_celery_beat_periodictask
    ADD CONSTRAINT django_celery_beat_p_crontab_id_d3cba168_fk_django_ce FOREIGN KEY (crontab_id) REFERENCES public.django_celery_beat_crontabschedule(id) DEFERRABLE INITIALLY DEFERRED;


--
-- Name: django_celery_beat_periodictask django_celery_beat_p_interval_id_a8ca27da_fk_django_ce; Type: FK CONSTRAINT; Schema: public; Owner: postgres
--

ALTER TABLE ONLY public.django_celery_beat_periodictask
    ADD CONSTRAINT django_celery_beat_p_interval_id_a8ca27da_fk_django_ce FOREIGN KEY (interval_id) REFERENCES public.django_celery_beat_intervalschedule(id) DEFERRABLE INITIALLY DEFERRED;


--
-- Name: django_celery_beat_periodictask django_celery_beat_p_solar_id_a87ce72c_fk_django_ce; Type: FK CONSTRAINT; Schema: public; Owner: postgres
--

ALTER TABLE ONLY public.django_celery_beat_periodictask
    ADD CONSTRAINT django_celery_beat_p_solar_id_a87ce72c_fk_django_ce FOREIGN KEY (solar_id) REFERENCES public.django_celery_beat_solarschedule(id) DEFERRABLE INITIALLY DEFERRED;


--
-- Name: token_blacklist_blacklistedtoken token_blacklist_blacklistedtoken_token_id_3cc7fe56_fk; Type: FK CONSTRAINT; Schema: public; Owner: postgres
--

ALTER TABLE ONLY public.token_blacklist_blacklistedtoken
    ADD CONSTRAINT token_blacklist_blacklistedtoken_token_id_3cc7fe56_fk FOREIGN KEY (token_id) REFERENCES public.token_blacklist_outstandingtoken(id) DEFERRABLE INITIALLY DEFERRED;


--
-- Name: token_blacklist_outstandingtoken token_blacklist_outs_user_id_83bc629a_fk_auth_serv; Type: FK CONSTRAINT; Schema: public; Owner: postgres
--

ALTER TABLE ONLY public.token_blacklist_outstandingtoken
    ADD CONSTRAINT token_blacklist_outs_user_id_83bc629a_fk_auth_serv FOREIGN KEY (user_id) REFERENCES public.auth_service_appuser(id) DEFERRABLE INITIALLY DEFERRED;


--
-- PostgreSQL database dump complete
--

\unrestrict NLkuWsq2VDJpSbCSmpIpFdrGkPe6KLxDTXzAG4cVhKyVHEZIiBbmYLarg7F0sSs

